,hosts,number of nodes,switches
0,"[0, 110]",1,[]
1,"[1, 902]",1,[]
2,"[2, 34, 715, 721, 277, 952, 1018, 266]",8,[]
3,"[3, 931, 1001, 112, 822, 504, 857, 829, 751, 466, 477, 479, 130, 548, 748, 689, 609, 627, 856, 409, 63, 807, 778, 519, 172, 255, 323, 392, 1004, 111, 956, 196]",32,[]
4,"[4, 109, 341, 662, 191, 60, 223]",7,[]
5,"[2, 34]",1,[]
6,"[5, 897, 166, 230, 683]",5,[]
7,"[6, 162]",1,[]
8,[],0,[]
9,"[7, 291]",1,[]
10,"[8, 387, 817, 782, 145, 539, 671, 687, 976, 435, 122]",11,[]
11,"[9, 771, 971, 205, 599, 701, 703, 899, 630, 137, 982, 573, 406, 712, 949, 886, 922, 963, 966, 646, 311, 348, 769, 837, 1002, 78, 851, 298, 1007, 1008, 915, 1018]",32,[]
12,"[12, 391, 489, 267, 460, 688, 151, 835, 550, 263, 265]",11,[]
13,"[13, 551, 332, 845, 500, 696, 412, 578, 388, 997, 469, 759, 485, 262, 458, 85, 797, 644, 103, 176, 56, 261, 648, 685]",24,[]
14,"[14, 481]",2,[]
15,"[15, 294, 234, 626, 530, 245, 170, 777, 363, 366, 180, 681, 73, 536, 190, 427]",16,[]
16,"[16, 289, 355, 297, 788, 53, 87, 868]",8,[]
17,"[17, 611, 937, 944, 1009, 786, 115, 721]",8,[]
18,"[26, 424, 233, 684, 211, 441, 285, 768]",8,[]
19,"[16, 289, 355, 297, 788, 53, 87, 868, 645, 390, 577, 357, 582, 889, 795, 833]",16,[]
20,"[28, 525, 848, 470, 955, 508, 702, 780, 461, 368, 281, 59, 993, 588, 1017, 987]",16,[]
21,"[16, 289, 355, 297, 788, 53, 87, 868, 645, 390, 577, 357, 582, 889, 795, 833]",16,[]
22,"[14, 481]",1,[]
23,"[15, 294]",2,[]
24,"[13, 551, 332, 845]",4,[]
25,"[15, 294, 234, 626, 530, 245, 170, 777, 363, 366, 180]",11,[]
26,"[16, 289]",2,[]
27,"[16, 289]",1,[]
28,"[17, 611]",2,[]
29,"[22, 681]",1,[]
30,"[9, 771, 971, 205, 599, 701, 703, 899, 630, 137, 982, 573, 406, 712, 949, 886, 922, 963, 966, 646, 311, 348, 769, 837, 1002, 78, 851, 298, 1007, 1008, 915, 1018]",32,[]
31,"[7, 291, 964, 331, 146, 373, 187, 865, 521, 308, 54, 445, 33, 739, 804, 144, 740, 465, 755, 695, 314, 260, 693, 759, 1016, 764, 384, 999, 972, 558, 117, 620]",32,[]
32,"[9, 771, 971, 205, 599, 701, 703, 899, 630, 137, 982, 573, 406, 712, 949, 886, 922, 963, 966, 646, 311, 348, 769, 837, 1002, 78, 851, 298, 1007, 1008, 915, 1018]",32,[]
33,"[7, 291, 964, 331, 146, 373, 187, 865, 521, 308, 54, 445, 33, 739, 804, 144, 740, 465, 755, 695, 314, 260, 693, 759, 1016, 764, 384, 999, 972, 558, 117, 620, 941, 433, 349, 678, 843, 318, 261, 407, 20, 855, 29, 133, 1003, 754, 818, 275, 641, 485, 141, 496, 283, 948, 597, 675, 457, 651, 304, 18, 365, 784, 119, 565]",64,[]
34,"[9, 771, 971, 205, 599, 701, 703, 899, 630, 137, 982, 573, 406, 712, 949, 886, 922, 963, 966, 646, 311, 348, 769, 837, 1002, 78, 851, 298, 1007, 1008, 915, 1018, 486, 169, 77, 313, 289, 930, 612, 870, 730, 256, 1000, 904, 154, 358, 50, 259, 726, 92, 618, 569, 1019, 668, 992, 361, 432, 114, 125, 281, 94, 98, 810, 832]",64,[]
35,"[7, 291, 964, 331, 146, 373, 187, 865, 521, 308, 54, 445, 33, 739, 804, 144, 740, 465, 755, 695, 314, 260, 693, 759, 1016, 764, 384, 999, 972, 558, 117, 620, 941, 433, 349, 678, 843, 318, 261, 407, 20, 855, 29, 133, 1003, 754, 818, 275, 641, 485, 141, 496, 283, 948, 597, 675, 457, 651, 304, 18, 365, 784, 119, 565]",64,[]
36,"[2, 34]",1,[]
37,"[9, 771]",1,[]
38,"[10, 832]",2,[]
39,[],0,[]
40,"[16, 289]",2,[]
41,"[17, 611]",1,[]
42,"[25, 65]",2,[]
43,"[2, 34]",2,[]
44,"[2, 34]",2,[]
45,"[2, 34]",2,[]
46,"[7, 291]",1,[]
47,"[2, 34, 715, 721]",4,[]
48,"[2, 34]",1,[]
49,"[8, 387]",2,[]
50,"[8, 387]",2,[]
51,"[8, 387]",2,[]
52,"[8, 387]",1,[]
53,"[9, 771, 971, 205]",4,[]
54,"[10, 832, 1, 86, 520, 950, 188, 614]",8,[]
55,"[8, 387]",1,[]
56,"[8, 387, 817, 782, 145, 539, 671, 687, 976, 435, 122, 475, 643, 665, 890, 253]",16,[]
57,"[9, 771, 971, 205, 599, 701, 703, 899, 630, 137, 982, 573, 406, 712, 949, 886, 922, 963, 966, 646, 311, 348, 769, 837, 1002, 78, 851, 298, 1007, 1008, 915, 1018]",32,[]
58,"[10, 832, 1, 86, 520, 950, 188, 614]",8,[]
59,"[10, 832, 1, 86]",4,[]
60,"[12, 391]",2,[]
61,"[8, 387]",1,[]
62,"[6, 162, 774, 749, 975, 311, 445, 808]",8,[]
63,"[8, 387, 817, 782, 145, 539, 671, 687, 976, 435, 122]",11,[]
64,[],0,[]
65,[],0,[]
66,"[6, 162, 774, 749, 975, 311, 445, 808, 107, 499, 127, 965, 968, 938, 878, 879, 781, 207, 625, 372, 825, 716, 23, 184, 382, 863, 204, 205, 335, 245, 921, 948, 597, 22, 695, 746, 301, 631, 152, 607, 198, 840, 47, 345, 927, 453, 934, 1018, 444, 638, 861, 973, 271, 561, 669, 330, 428, 851, 983, 68, 844, 529, 891]",63,[]
67,"[10, 832, 1, 86, 520, 950, 188, 614, 274, 949, 567, 902, 20, 470, 852, 75, 685, 238, 570, 637, 231, 527, 850, 346, 125, 418, 516, 566, 312, 95, 867, 461, 726, 894, 273, 275, 248, 667, 221, 356, 945, 827, 971, 633, 189, 446, 150, 118, 92, 62, 64, 812, 497, 661, 800, 69, 521, 203, 367, 947, 608, 91, 28]",63,[]
68,[],0,[]
69,"[12, 391, 489, 267, 460, 688, 151, 835, 550, 263, 265, 691, 675, 556, 43, 181, 621, 368, 123, 415, 582, 329, 1005, 110, 987, 406, 779, 214, 36, 209, 200, 305, 862, 736, 936, 784, 51, 699, 962, 1000, 590, 922, 124, 820, 756, 81, 785, 276, 121, 515, 491, 655, 728, 413, 33, 199, 595, 197, 71, 616, 586, 143, 915, 249]",64,[]
70,"[12, 391, 489, 267, 460, 688, 151, 835, 550, 263, 265, 691, 675, 556, 43, 181]",16,[]
71,"[8, 387]",1,[]
72,"[7, 291, 964, 331, 146, 373, 187, 865, 308, 54, 33, 739, 804, 782, 144, 740]",16,[]
73,"[11, 810, 140, 624, 698, 219, 122, 712, 73, 842, 883, 574, 354, 707, 336, 1012, 569, 648, 361, 476, 702, 900, 70, 269, 493, 917, 963, 426, 21, 471, 505, 387]",32,[]
74,"[12, 391, 489, 267, 460, 688, 151, 835, 550, 263, 265, 691, 675, 556, 43, 181, 621, 368, 123, 415, 582, 329, 1005, 110, 987, 406, 779, 214, 36, 209, 200, 305, 862, 736, 936, 784, 51, 699, 962, 1000, 590, 922, 124, 820, 756, 81, 785, 276, 121, 515, 491, 655, 728, 413, 199, 595, 197, 71, 616, 586, 143, 145, 915, 249]",64,[]
75,"[7, 291, 964, 331, 146, 373, 187, 865, 308, 54, 33, 739, 804, 782, 144, 740, 465, 755, 314, 260, 693, 759, 1016, 764, 384, 999, 972, 558, 117, 620, 941, 433, 349, 678, 843, 318, 261, 133, 1003, 754, 818, 641, 485, 141, 496, 283, 457, 651, 304, 18, 365, 119, 565, 160, 257, 363, 750, 719, 256, 8, 458, 435, 665, 259, 113, 830, 649, 49, 792, 31, 557, 142, 24, 549, 809, 284, 732, 831, 386, 583, 663, 959, 194, 514, 914, 984, 682, 439, 443, 448, 681, 875, 277, 745, 554, 895, 767, 815, 336, 786]",100,[]
76,"[11, 810, 140, 624, 698, 219, 122, 712, 73, 842, 883, 574, 354, 707, 1012, 569]",16,[]
77,"[12, 391, 489, 267, 460, 688, 151, 835, 550, 263, 265, 691, 675, 556, 43, 181, 621, 368, 123, 415, 582, 329, 1005, 110, 987, 406, 779, 214, 36, 209, 200, 305]",32,[]
78,[],0,[]
79,"[11, 810, 140, 624, 698, 219, 122, 712, 73, 842, 883, 574, 354, 707, 1012, 569, 648, 361, 476, 702, 900, 70, 269, 493, 917, 963, 426, 21, 471, 505, 387, 841, 659, 603, 98, 646, 966, 611, 612, 218, 234, 993, 302, 564, 159, 929, 101, 394, 664, 186, 126, 961, 397, 431, 791, 224, 616, 408, 303, 563, 424, 105, 982, 500]",64,[]
80,"[7, 291, 964, 331, 146, 373, 187, 865, 308, 54, 33, 739, 804, 782, 144, 740, 465, 755, 314, 260, 693, 759, 1016, 764, 384, 999, 972, 558, 117, 620, 941, 433, 349, 678, 843, 318, 261, 133, 1003, 754, 818, 641, 485, 141, 496, 283, 675, 457, 651, 304, 18, 365, 784, 119, 565, 160, 257, 363, 750, 719, 256, 8, 458, 435, 665, 259, 113, 830, 649, 49, 792, 31, 557, 142, 24, 549, 809, 284, 732, 831, 386, 583, 663, 959, 194, 514, 914, 984, 200, 682, 439, 443, 448, 681, 875, 277, 745, 554, 895, 767]",100,[]
81,"[11, 810, 140, 624, 698, 219, 122, 712, 73, 842, 883, 574, 354, 707, 336, 1012]",16,[]
82,"[12, 391, 489, 267, 460, 688, 151, 835, 550, 263, 265, 691, 556, 43, 181, 621, 368, 123, 415, 582, 329, 1005, 110, 987, 406, 779, 214, 36, 209, 305, 862, 736]",32,[]
83,"[16, 289, 355, 297, 788, 53, 87, 899, 868, 645, 390, 539, 577, 357, 889, 795, 833, 114, 378, 866, 906, 562, 59, 798, 752, 115, 344, 601, 484, 413, 881, 149, 733, 930, 771, 612, 870, 730, 227, 303, 436, 860, 512, 134, 718, 51, 442, 791, 760, 1017, 475, 537, 920, 468, 664, 729, 926, 322, 197, 710, 590, 546, 116, 379]",64,[]
84,"[7, 291, 964, 331, 146, 373, 187, 865, 308, 54, 33, 739, 804, 782, 144, 740, 465, 755, 314, 260, 693, 759, 1016, 764, 384, 999, 972, 558, 117, 620, 941, 433, 349, 678, 843, 318, 261, 133, 1003, 754, 818, 641, 485, 141, 496, 283, 675, 457, 651, 304, 18, 365, 784, 119, 565, 160, 257, 363, 750, 719, 256, 8, 458, 435, 665, 259, 113, 830, 649, 49, 792, 31, 557, 142, 24, 549, 809, 284, 732, 831, 386, 583, 663, 959, 194, 514, 914, 984, 200, 682, 439, 443, 448, 681, 875, 277, 745, 554, 895, 767]",100,[]
85,"[11, 810, 140, 624, 698, 219, 122, 712, 73, 842, 883, 574, 354, 707, 336, 1012]",16,[]
86,"[12, 391, 489, 267, 460, 688, 151, 835, 550, 263, 265, 691, 556, 43, 181, 621]",16,[]
87,"[16, 289, 355, 297, 788, 53, 87, 899, 868, 645, 390, 539, 577, 357, 582, 889]",16,[]
88,"[17, 611, 937, 944]",4,[]
89,"[25, 65, 131, 903, 648, 524, 943, 80]",8,[]
90,"[26, 424]",1,[]
91,"[42, 288, 167, 488, 1007, 820, 799, 449, 226, 182, 1021]",11,[]
92,"[7, 291, 964, 331, 146, 373, 187, 865, 308, 54, 33]",11,[]
93,"[8, 387, 817, 782, 145, 539, 671, 687, 976, 435, 122]",11,[]
94,"[0, 110, 943, 406, 23, 826, 60, 353]",8,[]
95,"[2, 34, 715, 721]",4,[]
96,[],0,[]
97,"[3, 931, 1001, 112, 822, 504, 857, 829, 751, 466, 477, 479, 130]",13,[]
98,"[3, 931, 1001, 112, 822, 504, 857, 829, 751, 466, 477, 479, 130, 548, 748, 689]",16,[]
99,"[6, 162, 774, 749, 975, 311, 445, 808, 107, 1004, 499, 127, 965, 968, 938, 878, 879, 781, 207]",19,[]
100,"[3, 931, 1001]",3,[]
101,[],0,[]
102,"[3, 931, 1001, 112, 822, 504, 857, 829]",8,[]
103,"[6, 162, 774, 749, 975, 311, 445, 808]",8,[]
104,"[3, 931, 1001, 112, 822, 504, 857, 829, 751, 466, 477, 479, 130, 548, 748, 689]",16,[]
105,"[3, 931, 1001, 112, 822, 504, 857, 829, 751, 466, 477, 479, 130, 548, 748, 689]",16,[]
106,"[3, 931, 1001, 112, 822, 504, 857, 829, 751, 466, 477, 479, 130, 548, 748, 689]",16,[]
107,"[6, 162]",1,[]
108,"[0, 110]",1,[]
109,"[3, 931]",1,[]
110,"[4, 109, 341, 662, 191, 60, 223, 704, 994, 41, 371, 887, 547, 836, 646, 136]",16,[]
111,"[12, 391]",1,[]
112,"[4, 109, 341, 662, 191, 60, 223, 704, 994, 41, 371, 887, 547, 836, 646, 136]",16,[]
113,"[4, 109, 341, 662, 191, 60, 223, 704, 994, 41, 371, 887, 547, 836, 646, 136]",16,[]
114,"[4, 109, 341, 662, 191, 60, 223, 704, 994, 41, 371, 887, 547, 836, 646, 136, 529, 642, 67, 39, 365, 494, 578, 748, 212, 532, 703]",27,[]
115,"[4, 109, 341, 662, 191, 60, 223, 704, 994, 41, 371, 887, 547, 836, 646, 136, 529, 642, 67, 39, 365, 494, 578, 487, 369, 924, 354]",27,[]
116,"[4, 109, 341, 662, 191, 60, 223, 704, 994, 41, 371, 887, 547, 836, 646, 136, 529, 642, 67, 39, 365, 494, 578, 748, 212, 532, 703]",27,[]
117,"[4, 109, 341, 662, 191, 60, 223, 704, 994, 41, 371, 887, 547, 836, 646, 136, 529, 642, 67, 39, 365, 494, 578, 748, 212, 532, 703]",27,[]
118,"[4, 109, 341, 662, 191, 60, 223, 704, 994, 41, 371, 887, 547, 836, 646, 136, 529, 642, 67, 39, 365, 494, 578, 748, 212, 532, 703]",27,[]
119,"[4, 109, 341, 662, 191, 60, 223, 704, 994, 41, 371, 887, 547, 836, 646, 136, 529, 642, 67, 39, 365, 494, 578, 748, 212, 532, 703]",27,[]
120,"[4, 109, 341, 662, 191, 60, 223, 704, 994, 41, 371, 887, 547, 836, 646, 136]",16,[]
121,"[4, 109, 341, 662, 191, 60, 223, 704, 994, 41, 371, 887, 547, 836, 646, 136, 529, 642, 67, 39, 365, 494, 578, 748, 212, 532, 703]",27,[]
122,"[4, 109, 341, 662, 191, 60, 223, 704, 994, 41, 371, 887, 547, 836, 646, 136, 529, 642, 67, 39, 365, 494, 578, 748, 212, 532, 703]",27,[]
123,"[13, 551, 332, 845, 500, 696, 412, 388, 997, 469, 759, 485, 262, 458, 85, 797]",16,[]
124,"[4, 109, 341, 662, 191, 60, 223, 704, 994, 41, 371]",11,[]
125,"[13, 551, 332, 845, 500, 696, 412, 578, 388, 997, 469, 759, 485, 262, 458, 85]",16,[]
126,"[13, 551, 332, 845, 500, 696, 412, 578, 388, 997, 469, 759, 485, 262, 458, 85, 797, 644, 103, 176, 56, 261, 648, 434, 606, 394, 78]",27,[]
127,"[15, 294]",1,[]
128,"[13, 551, 332, 845, 500, 696, 412, 578, 388, 997, 469, 759, 485, 262, 458, 85]",16,[]
129,"[1, 902, 1001, 10, 20, 470, 852, 64, 812, 497, 661, 800, 130, 548, 748, 689, 832, 86, 520, 950, 188, 69, 521, 203, 367, 947, 608, 807, 948, 91, 28, 905, 688, 405, 218, 893, 423, 328]",38,[]
130,"[2, 34, 715, 721, 277, 952, 1018, 266, 654, 728, 633, 972, 592, 241, 856, 830, 611, 393, 653, 963, 90, 398, 114, 884, 759, 478, 215, 375, 761, 730, 906, 44]",32,[]
131,"[1, 902, 1001, 10, 20, 470, 852, 64, 812, 497, 661, 800, 130, 548, 748, 689, 832, 86, 520, 950, 188, 69, 521, 203, 367, 947, 608, 807, 948, 91, 28, 905, 688, 405, 218, 893, 423, 328, 280, 729, 251, 418, 806, 876, 408, 197, 34, 873, 81, 85]",50,[]
132,"[7, 291, 964, 331]",4,[]
133,"[8, 387, 817, 782, 145, 539, 671, 687, 976, 435, 122, 475, 643, 665, 890, 253, 830, 256, 458, 422, 43, 430, 725, 221, 289, 329, 754, 537, 352, 324, 327, 872, 24, 768, 259, 652, 951, 350, 194, 772, 906, 1011, 315, 901, 680, 1008, 979, 609, 841, 11, 659, 603, 390, 972, 851, 375, 829, 576, 545, 425, 333, 635, 932, 143, 728, 48, 1000, 720, 186, 928, 160, 356, 840, 786, 934, 715, 910, 144, 480, 455, 630]",81,[]
134,"[1, 902]",1,[]
135,"[2, 34, 715, 721, 277, 952, 1018, 266, 654, 497, 728, 633, 972, 592, 241, 856]",16,[]
136,"[2, 34, 715, 721, 277, 952, 1018, 266, 654, 497, 728, 633, 972, 592, 241, 856]",16,[]
137,"[2, 34]",1,[]
138,"[2, 34]",1,[]
139,"[3, 931, 1001, 112, 822, 504, 857, 829, 751, 466, 477, 479, 130, 548, 748, 689]",16,[]
140,"[2, 34, 715, 721, 277, 952, 1018, 266, 654, 497, 728, 633, 972, 592, 241, 856]",16,[]
141,"[3, 931, 1001, 112, 822, 504, 857, 829, 751, 466, 477, 479, 130, 548, 748, 689]",16,[]
142,"[4, 109, 341, 662, 191, 60, 223, 704, 994, 41, 371, 887, 547, 836, 646, 136, 529, 642, 67, 39, 365, 494, 578, 212, 532, 703, 608, 487, 369, 924, 354, 374]",32,[]
143,"[2, 34, 715, 721, 277, 952, 1018, 266, 654, 497, 728, 633, 972, 592, 241, 856]",16,[]
144,"[3, 931, 1001, 112, 822, 504, 857, 829, 751, 466, 477, 479, 130, 548, 748, 689]",16,[]
145,"[2, 34, 715, 721, 277, 952, 1018, 266, 654, 497, 728, 633, 972, 592, 241, 856, 830, 611, 393, 653, 963, 90, 398, 114, 884, 759, 478, 215, 375, 761, 730, 906]",32,[]
146,"[2, 34, 715, 721, 277, 952, 1018, 266, 654, 497, 728, 633, 972, 592, 241, 856, 830, 611, 393, 653, 963, 90, 398, 114, 884, 759, 478, 215, 375, 761, 730, 906]",32,[]
147,"[3, 931, 1001, 112, 822, 504, 857, 829, 751, 466, 477, 479, 130, 548, 748, 689]",16,[]
148,"[2, 34, 715, 721, 277, 952, 1018, 266, 654, 497, 728, 633, 972, 592, 241, 856, 830, 611, 393, 653, 963, 90, 398, 114, 884, 759, 478, 215, 375, 761, 730, 906]",32,[]
149,"[2, 34, 715, 721, 277, 952, 1018, 266, 654, 497, 728, 633, 972, 592, 241, 856, 830, 611, 393, 653, 963, 90, 398, 114, 884, 759, 478, 215, 375, 761, 730, 906]",32,[]
150,"[3, 931, 1001, 112, 822, 504, 857, 829, 751, 466, 477, 479, 130, 548, 748, 689]",16,[]
151,[],0,[]
152,"[2, 34, 715, 721, 277, 952, 1018, 266, 654, 497, 728, 633, 972, 592, 241, 44, 499, 88, 701, 432, 339, 692, 951, 347, 168, 302, 306, 917, 444, 873, 81, 85]",32,[]
153,"[3, 931, 1001, 112, 822, 504, 857, 829, 751, 466, 477, 479, 130, 548, 748, 689]",16,[]
154,[],0,[]
155,[],0,[]
156,"[2, 34]",2,[]
157,"[2, 34]",2,[]
158,"[2, 34, 715, 721]",4,[]
159,"[2, 34, 715, 721, 277, 952, 1018, 266, 654, 497, 728]",11,[]
160,"[3, 931, 1001, 112, 822, 504, 857, 829, 751, 466, 477, 479, 130, 548, 748, 689, 609, 627, 856, 409, 63, 807, 778, 519, 172, 255, 323, 392, 1004, 111, 956, 196, 646, 489, 970, 618, 261, 198, 138, 538, 475, 770, 68, 326, 269, 988, 352, 363, 917, 918, 88, 481, 740, 529, 675, 222, 870, 458, 847, 1012, 1022, 612, 783, 55, 600, 1019, 194, 38, 144, 283, 95, 867, 903, 185, 250, 191, 1006, 949, 983, 601, 607]",81,[]
161,"[5, 897, 166, 230]",4,[]
162,"[6, 162, 774, 749, 975, 311, 445, 808, 107, 499, 127, 965, 968, 938, 878]",15,[]
163,"[5, 897, 166, 230]",4,[]
164,"[5, 897, 166, 230, 683, 430, 632, 832, 263, 401, 916, 1020, 896, 45, 208]",15,[]
165,"[6, 162, 774, 749, 975, 311, 445, 808, 107, 499, 127, 965, 968, 938, 878]",15,[]
166,"[0, 110]",2,[]
167,"[3, 931]",1,[]
168,"[4, 109, 341, 662]",4,[]
169,"[2, 34, 715, 721, 277, 952, 1018, 266, 654, 497, 728]",11,[]
170,"[5, 897, 166, 230, 683, 430, 632, 832, 263, 401, 916, 1020, 896, 45, 208, 532, 535, 865, 177, 883, 979, 1023, 526, 559, 19, 723, 218, 227, 397, 145, 917, 885]",32,[]
171,"[9, 771, 971, 205, 599, 701, 703, 899, 630, 137, 982, 573, 406, 712, 949, 886, 922, 963, 966, 646, 348, 769, 837, 1002, 78, 851, 298, 1007, 1008, 915, 486, 169]",32,[]
172,"[2, 34, 715, 721, 277, 952, 1018, 266, 654, 497, 728]",11,[]
173,"[5, 897, 166, 230, 683, 430, 632, 832, 263, 401, 916, 1020, 896, 45, 208, 532, 535, 865, 177, 883, 979, 1023, 526, 559, 19, 723, 218, 227, 397, 145, 917, 885]",32,[]
174,"[0, 110]",2,[]
175,"[0, 110]",2,[]
176,"[0, 110, 943, 406, 23, 826, 60, 353, 263, 460, 495, 594, 165, 948, 312, 25, 831, 971, 688, 530, 281, 94, 419, 427, 365, 975, 657, 196, 392, 203, 944, 694, 608, 487, 369, 924, 960, 481, 452, 961, 159, 897, 391, 820, 756, 827, 582, 329, 12, 1005, 987, 930, 468, 279, 27, 991, 417, 770, 871, 77, 637, 963, 936, 429]",64,[]
177,"[0, 110]",1,[]
178,"[0, 110]",1,[]
179,"[0, 110, 943, 406, 23, 826, 60, 353, 263, 460, 495]",11,[]
180,"[2, 34, 715, 721, 277, 952, 1018, 266, 654, 497, 728]",11,[]
181,"[0, 110, 943, 406, 23, 826, 60, 353, 263, 460, 495]",11,[]
182,"[2, 34, 715, 721, 277, 952, 1018, 266, 654, 497, 728]",11,[]
183,"[0, 110, 943, 406, 23, 826, 60, 353, 263, 460, 495, 594, 165, 948, 312, 25]",16,[]
184,"[0, 110, 943, 406, 23, 826, 60, 353, 263, 460, 495, 594, 165, 948, 312, 25, 831, 971, 688, 530, 281, 94, 419, 427, 365, 975, 657, 196, 392, 203, 944, 694]",32,[]
185,"[0, 110, 943, 406, 23, 826, 60, 353, 263, 460, 495, 594, 165, 948, 312, 25]",16,[]
186,"[0, 110, 943, 406, 23, 826, 60, 353, 263, 460, 495, 594, 165, 948, 312, 25]",16,[]
187,"[0, 110, 943, 406, 23, 826, 60, 353, 263, 460, 495, 594, 165, 948, 312, 25]",16,[]
188,"[0, 110, 943, 406, 23, 826, 60, 353, 263, 460, 495, 594, 165, 948, 312, 25, 831, 971, 688, 530, 281, 94, 419, 427, 365, 975, 657, 196, 392, 203, 944, 694]",32,[]
189,"[0, 110, 943, 406, 23, 826, 60, 353, 263, 460, 495, 594, 165, 948, 312, 25]",16,[]
190,"[0, 110, 943, 406, 23, 826, 60, 353]",8,[]
191,"[0, 110, 943, 406, 23, 826, 60, 353]",8,[]
192,"[0, 110, 943, 406, 23, 826, 60, 353]",8,[]
193,"[1, 902, 1001, 10, 20, 470, 852, 64]",8,[]
194,"[0, 110, 943, 406, 23, 826, 60, 353]",8,[]
195,"[0, 110, 943, 406, 23, 826, 60, 353]",8,[]
196,"[1, 902]",1,[]
197,"[2, 34, 715, 721, 277, 952, 1018, 266, 654, 497, 728, 633, 972, 592, 241, 856, 830, 611, 393, 653, 963, 90, 398, 114, 884, 759, 478, 215, 375, 761, 730, 906, 44, 499, 88, 701, 432, 339, 692, 951, 347, 168, 302, 306, 917, 444, 873, 81, 85, 765, 320, 608, 837, 691, 665, 483, 868, 682, 853, 949, 956, 373, 475, 732, 93, 452, 621, 48, 120, 793, 416, 705, 562, 637, 896, 105, 874, 112, 190, 545, 934, 910, 144, 817, 17, 73, 628, 405, 27, 758, 827, 860, 861, 134, 939, 240, 922, 254, 165, 205]",100,[]
198,"[5, 897]",1,[]
199,"[6, 162]",1,[]
200,"[2, 34]",1,[]
201,"[3, 931]",1,[]
202,"[0, 110, 943, 406]",4,[]
203,"[0, 110, 943, 406]",4,[]
204,"[0, 110, 943, 406]",4,[]
205,"[0, 110, 943, 406]",4,[]
206,"[0, 110, 943, 406]",4,[]
207,"[0, 110, 943, 406]",4,[]
208,"[7, 291, 964, 331, 146, 373, 187, 865, 521, 308, 54, 445, 33, 739, 804, 782, 144, 740, 465, 755, 695, 314, 260, 693, 759, 1016, 764, 384, 999, 972, 558, 117, 620, 941, 433, 349, 230, 678, 843, 318, 261, 407, 20, 855, 29, 133, 1003, 754, 818, 275, 641, 485, 141, 496, 283, 948, 597, 22, 675, 457, 651, 304, 18, 365]",64,[]
209,"[0, 110, 943, 406]",4,[]
210,"[9, 771, 971, 205]",4,[]
211,"[0, 110, 943, 406]",4,[]
212,"[0, 110]",2,[]
213,"[0, 110, 943, 406, 23, 826, 60, 353, 263, 460, 495, 594, 165, 948, 312, 25, 831, 971, 688, 530, 281, 94, 419, 427, 365, 975, 657, 196, 392, 203, 944, 694, 608, 4, 487, 369, 924, 960, 481, 452, 961, 159, 391, 820, 756, 827, 582, 329, 12, 1005, 987, 930, 468, 279, 27, 991, 417, 770, 871, 77, 637, 963, 936, 429]",64,[]
214,"[0, 110, 943, 406, 23, 826, 60, 353]",8,[]
215,"[1, 902, 1001, 10]",4,[]
216,"[5, 897]",2,[]
217,"[0, 110, 943, 406, 23, 826, 60, 353, 263, 460, 495, 594, 165, 948, 312, 25, 831, 971, 688, 530, 281, 94, 419, 427, 365, 975, 657, 196, 392, 203, 944, 694]",32,[]
218,"[5, 897, 166, 230, 683, 430, 632, 832, 401, 916, 1020, 896, 45, 208, 532, 535, 865, 177, 883, 979, 1023, 526, 559, 19, 723, 218, 227, 397, 145, 917, 885, 854]",32,[]
219,"[0, 110, 943, 406, 23, 826, 60, 353, 263, 460, 495, 594, 165, 948, 312, 25, 831, 971, 688, 530, 281, 94, 419, 427, 365, 975, 657, 196, 392, 203, 944, 694]",32,[]
220,"[0, 110, 943, 406, 23, 826, 60, 353, 263, 460, 495, 594, 165, 948, 312, 25, 831, 971, 688, 530, 281, 94, 419, 427, 365, 975, 657, 196, 392, 203, 944, 694]",32,[]
221,"[5, 897, 166, 230]",4,[]
222,"[5, 897, 166, 230, 683, 430, 632, 832, 401, 916, 1020, 896, 45, 208, 532, 535, 865, 177, 883, 979, 1023, 526, 559, 19, 723, 218, 227, 397, 145, 917, 885, 854]",32,[]
223,"[0, 110, 943, 406, 23, 826, 60, 353, 263, 460, 495, 594, 165, 948, 312, 25, 831, 971, 688, 530, 281, 94, 419, 427, 365, 975, 657, 196, 392, 203, 944, 694]",32,[]
224,"[5, 897, 166, 230, 683, 430, 632, 832, 401, 916, 1020, 896, 45, 208, 532, 535, 865, 177, 883, 979, 1023, 526, 559, 19, 723, 218, 227, 397, 145, 917, 885, 854, 983, 184, 37, 614, 274, 949, 567, 738, 985, 282, 581, 201, 815, 727, 926, 225, 426, 878, 178, 959, 164, 197, 819, 856, 637, 706, 374, 591, 758, 928, 684]",63,[]
225,"[7, 291]",2,[]
226,"[7, 291, 964, 331, 146, 373, 187, 521]",8,[]
227,"[7, 291, 964, 331, 146, 373, 187, 521]",8,[]
228,"[7, 291, 964, 331, 146, 373, 187, 521]",8,[]
229,"[11, 810]",1,[]
230,"[11, 810]",1,[]
231,"[13, 551]",1,[]
232,"[11, 810]",1,[]
233,"[11, 810]",1,[]
234,"[13, 551]",1,[]
235,"[16, 289]",1,[]
236,"[1, 902, 1001, 10, 20, 470, 852, 64]",8,[]
237,"[2, 34, 715, 721]",4,[]
238,"[1, 902, 1001, 10, 20, 470, 852, 64, 812, 497, 661, 800, 130, 3, 548, 748, 689, 832, 86, 520, 950, 188, 69, 521, 367, 947, 608, 807, 91, 28, 905, 405]",32,[]
239,"[1, 902]",2,[]
240,"[1, 902, 1001, 10, 20, 470, 852, 64, 812, 497, 661, 800, 130, 3, 548, 748, 689, 832, 86, 520, 950, 188, 69, 521, 367, 947, 608, 807, 91, 28, 905, 405]",32,[]
241,"[1, 902, 1001, 10, 20, 470, 852, 64, 812, 497, 661, 800, 130, 3, 548, 748, 689, 832, 86, 520, 950, 188, 69, 521, 367, 947, 608, 807, 91, 28, 905, 405]",32,[]
242,"[2, 34, 715, 721, 277, 952, 1018, 266, 654, 728, 633, 972, 592, 241, 856, 830, 611, 393, 653, 963, 90, 398, 114, 884, 759, 478, 215, 375, 761, 730, 906, 44]",32,[]
243,"[1, 902, 1001, 10]",4,[]
244,"[2, 34]",2,[]
245,"[5, 897]",2,[]
246,"[2, 34]",1,[]
247,"[5, 897, 166, 230, 683, 430, 632, 832, 401, 916, 1020, 896, 45, 208, 532, 535, 865, 177, 883, 979, 1023, 526, 559, 19, 723, 218, 227, 397, 145, 917, 885, 854]",32,[]
248,"[2, 34, 715, 721, 277, 952, 1018, 266, 654, 497, 728, 633, 972, 592, 241, 856, 830, 611, 393, 653, 963, 90, 398, 114, 884, 759, 478, 215, 375, 761, 730, 906]",32,[]
249,"[5, 897, 166, 230, 683, 430, 632, 832, 401, 916, 1020, 896, 45, 208, 532, 535, 865, 177, 883, 979, 1023, 526, 559, 19, 723, 218, 227, 397, 145, 917, 885, 854]",32,[]
250,"[2, 34, 715, 721, 277, 952, 1018, 266, 654, 497, 728, 633, 972, 592, 241, 856, 830, 611, 393, 653, 963, 90, 398, 114, 884, 759, 478, 215, 375, 761, 730, 906]",32,[]
251,"[5, 897, 166, 230, 683, 430, 632, 832, 401, 916, 1020, 896, 45, 208, 532, 535, 865, 177, 883, 979, 1023, 526, 559, 19, 723, 218, 227, 397, 145, 917, 885, 854]",32,[]
252,"[7, 291, 964, 331, 146, 373, 187, 521, 308, 54, 445, 33, 739, 804, 782, 144, 740, 465, 755, 695, 314, 260, 693, 1016, 764, 384, 999, 558, 117, 620, 941, 433]",32,[]
253,"[5, 897, 166, 230, 683, 430, 632, 832, 401, 916, 1020, 896, 45, 208, 532, 535, 865, 177, 883, 979, 1023, 526, 559, 19, 723, 218, 227, 397, 145, 917, 885, 854]",32,[]
254,"[5, 897, 166, 230, 683, 430, 632, 832, 401, 916, 1020, 896, 45, 208, 532, 535, 865, 177, 883, 979, 1023, 526, 559, 19, 723, 218, 227, 397, 145, 917, 885, 854]",32,[]
255,"[2, 34, 715, 721, 277, 952, 1018, 266]",8,[]
256,"[5, 897]",1,[]
257,"[7, 291, 964, 331, 146, 373, 187, 865, 521, 308, 54, 445, 33, 739, 804, 782, 144, 740, 465, 755, 695, 314, 260, 693, 759, 1016, 764, 384, 999, 972, 558, 117]",32,[]
258,"[11, 810]",1,[]
259,"[11, 810]",1,[]
260,"[13, 551]",1,[]
261,"[7, 291, 964, 331, 146, 373, 187, 865, 521, 308, 54, 445, 33, 739, 804, 782, 144, 740, 465, 755, 695, 314, 260, 693, 759, 1016, 764, 384, 999, 972, 558, 117]",32,[]
262,"[13, 551]",1,[]
263,"[11, 810]",1,[]
264,"[13, 551]",1,[]
265,"[13, 551]",1,[]
266,"[14, 481]",1,[]
267,"[16, 289, 355, 297]",4,[]
268,"[16, 289, 355, 297]",4,[]
269,[],0,[]
270,"[19, 708, 683, 494, 121, 925, 382, 553, 172, 717, 80, 506, 526, 559, 723, 218, 176, 978, 662, 763, 834, 99, 741, 360, 265, 864, 603, 426, 347, 670, 388, 876, 108, 605, 737, 236, 239, 51, 984, 547, 837, 463, 822, 528, 342, 58, 444, 31]",48,[]
271,"[7, 291, 964, 331, 146, 373, 187, 865, 521, 308, 54, 445, 33, 739, 804, 782, 144, 740, 465, 755, 695, 314, 260, 693, 759, 1016, 764, 384, 999, 972, 558, 117, 620, 941, 433, 349, 230, 678, 843, 318, 261, 407, 20, 855, 29, 133, 1003, 754]",48,[]
272,"[0, 110, 943, 406]",4,[]
273,"[0, 110, 943, 406]",4,[]
274,"[4, 109, 341, 662, 191, 60, 223, 704, 994, 41, 371, 887, 547, 836, 646, 136, 529, 642, 67, 39, 365, 494, 578, 748, 212, 532, 703, 608, 487, 369, 924, 354, 374, 849, 726, 990, 909, 783, 912, 913, 207, 256, 459, 268, 816, 313, 997, 652, 184, 309, 568, 743, 534, 859, 285, 447, 235, 229, 457, 1008, 194, 613, 172, 55]",64,[]
275,"[6, 162, 774, 749, 975, 311, 445, 808, 107, 1004, 499, 127, 965, 968, 938, 878, 879, 781, 625, 372, 825, 716, 23, 382, 863, 204, 205, 335, 245, 921, 291, 948]",32,[]
276,"[4, 109, 341, 662, 191, 60, 223, 704, 994, 41, 371, 887, 547, 836, 646, 136, 529, 642, 67, 39, 365, 494, 578, 748, 212, 532, 703, 608, 487, 369, 924, 354, 374, 849, 726, 990, 909, 783, 912, 913, 207, 256, 459, 268, 816, 313, 997, 652]",48,[]
277,"[6, 162, 774, 749, 975, 311, 445, 808, 107, 1004, 499, 127, 965, 968, 938, 878]",16,[]
278,"[4, 109, 341, 662, 191, 60, 223, 704]",8,[]
279,"[7, 291, 964, 331]",4,[]
280,"[8, 387, 817, 782, 145, 539, 671, 687, 976, 435, 122, 475, 643, 665, 890, 253, 830, 256, 458, 422, 43, 430, 725, 221, 800, 289, 329, 754, 537, 352, 324, 327, 872, 24, 768, 259, 652, 951, 350, 194, 772, 906, 1011, 315, 901, 680, 1008, 979]",48,[]
281,"[6, 162]",2,[]
282,[],0,[]
283,"[7, 291, 964, 331, 146, 373, 187, 865, 521, 308, 54, 445, 33, 739, 804, 144]",16,[]
284,"[9, 771, 971, 205, 599, 701, 703, 899, 630, 137, 982, 573, 712, 949, 886, 922]",16,[]
285,"[7, 291, 964, 331, 146, 373, 187, 865, 521, 308, 54, 445, 33, 739, 804, 144]",16,[]
286,"[12, 391]",2,[]
287,"[13, 551]",2,[]
288,"[7, 291, 964, 331]",4,[]
289,"[12, 391, 489, 267]",4,[]
290,"[7, 291, 964, 331, 146, 373, 187, 865]",8,[]
291,"[9, 771, 971, 205, 599, 701, 703, 899]",8,[]
292,"[7, 291, 964, 331, 146, 373, 187, 865]",8,[]
293,"[12, 391, 489, 267, 460, 688, 151, 835, 550, 263, 265, 691, 675, 556, 181, 857, 621, 368, 570, 123, 415, 582, 1005, 987, 779, 852, 214, 956, 36, 209, 200, 305]",32,[]
294,"[4, 109, 341, 662, 191, 60, 223, 704, 994, 41, 371, 887, 547, 836, 646, 136, 529, 642, 67, 39, 365, 494, 578, 748, 212, 532, 703, 608, 487, 369, 924, 354, 374, 849, 726, 990, 909, 783, 912, 913, 207, 459, 268, 816, 313, 997, 184, 309, 568, 743, 534, 859, 285, 447, 235, 229, 457, 843, 613, 172, 55, 286, 483, 14]",64,[]
295,"[12, 391, 489, 267, 460, 688, 151, 835, 550, 263, 265, 691, 675, 556, 181, 857, 621, 368, 570, 123, 415, 582, 1005, 987, 779, 852, 214, 956, 36, 209, 200, 305]",32,[]
296,"[4, 109, 341, 662, 191, 60, 223, 704, 994, 41, 371, 887, 547, 836, 646, 136, 529, 642, 67, 39, 365, 494, 578, 748, 212, 532, 703, 608, 487, 369, 924, 354]",32,[]
297,"[6, 162, 774, 749]",4,[]
298,[],0,[]
299,"[4, 109, 341, 662, 191, 60, 223, 704, 994, 41, 371, 887, 547, 836, 646, 136, 529, 642, 67, 39, 365, 494, 578, 748, 212, 532, 703, 608, 487, 369, 924, 354]",32,[]
300,"[4, 109, 341, 662, 191, 60, 223, 704, 994, 41, 371, 887, 547, 836, 646, 136, 529, 642, 67, 39, 365, 494, 578, 748, 212, 532, 703, 608, 487, 369, 924, 354]",32,[]
301,"[6, 162]",2,[]
302,"[7, 291]",2,[]
303,"[8, 387]",2,[]
304,"[12, 391, 489, 267]",4,[]
305,"[13, 551, 332, 845]",4,[]
306,"[6, 162, 774, 749]",4,[]
307,"[6, 162]",2,[]
308,"[7, 291, 964, 331]",4,[]
309,"[6, 162, 774, 749, 975, 311, 445, 808]",8,[]
310,"[7, 291, 964, 331, 146, 373, 187, 865]",8,[]
311,"[8, 387, 817, 782, 145, 539, 671, 687]",8,[]
312,"[6, 162, 774, 749, 975, 311, 445, 808, 107, 1004, 499, 127, 965, 968, 938, 878]",16,[]
313,"[12, 391, 489, 267, 460, 688, 151, 835, 550, 263, 265, 691, 675, 556, 43, 181]",16,[]
314,"[6, 162, 774, 749, 975, 311, 445, 808, 107, 1004, 499, 127, 965, 968, 938, 878]",16,[]
315,"[8, 387, 817, 782, 145, 539, 671, 687, 976, 435, 122, 475, 643, 665, 890, 253, 830, 256, 458, 422, 430, 725, 221, 800, 289, 329, 754, 537, 352, 324, 327, 872]",32,[]
316,"[6, 162, 774, 749, 975, 311, 445, 808, 107, 1004, 499, 127, 965, 968, 938, 878, 879, 781, 207, 625, 372, 825, 716, 23, 184, 382, 863, 204, 205, 335, 245, 921]",32,[]
317,"[5, 897, 166, 230, 683, 430, 632, 832, 263, 401, 916, 1020, 896, 45, 208, 535, 865, 177, 883, 979, 1023, 526, 559, 19, 723, 218, 227, 397, 145, 917, 885, 854]",32,[]
318,"[6, 162, 774, 749, 975, 311, 445, 808, 107, 1004, 499, 127, 965, 968, 938, 878, 879, 781, 207, 625, 372, 825, 716, 23, 184, 382, 863, 204, 205, 335, 245, 921, 291, 948, 597, 22, 695, 746, 301, 631, 152, 607, 198, 840, 47, 345, 927, 600, 630, 504, 538, 453, 934, 444, 638, 861, 973, 271, 561, 669, 609, 330, 428, 851]",64,[]
319,"[12, 391, 489, 267, 460, 688, 151, 835, 550, 265, 691, 675, 556, 43, 181, 857, 621, 368, 570, 123, 415, 582, 329, 1005, 987, 779, 852, 214, 956, 36, 209, 200, 305, 862, 736, 936, 784, 51, 699, 962, 1000, 590, 922, 124, 81, 785, 276, 121, 515, 491, 655, 728, 413, 33, 199, 595, 477, 197, 71, 616, 586, 62, 143, 915]",64,[]
320,"[6, 162, 774, 749, 975, 311, 445, 808, 107, 1004, 499, 127, 965, 968, 938, 878, 879, 781, 207, 625, 372, 825, 716, 23, 184, 382, 863, 204, 205, 335, 245, 921, 291, 948, 597, 22, 695, 746, 301, 631, 152, 607, 198, 840, 47, 345, 927, 600, 630, 504, 538, 453, 934, 444, 638, 861, 973, 271, 561, 669, 609, 330, 428, 851]",64,[]
321,"[5, 897, 166, 230]",4,[]
322,"[8, 387, 817, 782]",4,[]
323,"[12, 391, 489, 267, 460, 688, 151, 835, 550, 263, 265, 691, 675, 556, 43, 181]",16,[]
324,"[5, 897, 166, 230, 683, 430, 632, 832, 401, 916, 1020, 896, 45, 208, 535, 865]",16,[]
325,"[8, 387, 817, 782, 145, 539, 671, 687, 976, 435, 122, 475, 643, 665, 890, 253]",16,[]
326,"[12, 391, 489, 267, 460, 688, 151, 835, 550, 263, 265, 691, 675, 556, 43, 181, 857, 621, 368, 570, 123, 415, 582, 329, 1005, 987, 779, 852, 214, 956, 36, 209]",32,[]
327,"[5, 897]",2,[]
328,"[5, 897, 166, 230]",4,[]
329,"[5, 897, 166, 230, 683, 430, 632, 832, 263, 401, 916, 1020, 896, 45, 208, 535, 865, 177, 883, 979, 1023, 526, 559, 19, 723, 218, 227, 397, 145, 917, 885, 854]",32,[]
330,"[6, 162, 774, 749, 975, 311, 445, 808, 107, 1004, 499, 127, 965, 968, 938, 878, 879, 781, 207, 625, 372, 825, 716, 23, 184, 382, 863, 204, 205, 335, 245, 921, 291, 948, 597, 22, 695, 746, 301, 631, 152, 607, 198, 840, 47, 345, 927, 600, 630, 504, 538, 453, 934, 444, 638, 861, 973, 271, 561, 669, 609, 330, 428, 851]",64,[]
331,"[12, 391, 489, 267, 460, 688, 151, 835, 550, 265, 691, 675, 556, 43, 181, 857, 621, 368, 570, 123, 415, 582, 329, 1005, 110, 987, 406, 779, 852, 214, 956, 36, 209, 200, 305, 862, 736, 936, 784, 51, 699, 962, 1000, 590, 922, 124, 81, 785, 276, 121, 515, 491, 655, 728, 413, 33, 199, 595, 477, 197, 71, 616, 586, 62]",64,[]
332,"[6, 162, 774, 749, 975, 311, 445, 808, 107, 1004, 499, 127, 965, 968, 938, 878, 879, 781, 207, 625, 372, 825, 716, 23, 184, 382, 863, 204, 205, 335, 245, 921, 291, 948, 597, 22, 695, 746, 301, 631, 152, 607, 198, 840, 47, 345, 927, 600, 630, 504, 538, 453, 934, 444, 638, 861, 973, 271, 561, 669, 609, 330, 428, 851]",64,[]
333,"[5, 897, 166, 230, 683, 430, 632, 832, 263, 401, 916, 1020, 896, 45, 208, 535, 865, 177, 883, 979, 1023, 526, 559, 19, 723, 218, 227, 397, 145, 917, 885, 854]",32,[]
334,"[6, 162, 774, 749, 975, 311, 445, 808]",8,[]
335,"[0, 110]",1,[]
336,"[4, 109]",1,[]
337,"[6, 162]",1,[]
338,"[5, 897, 166, 230, 683, 430, 632, 832, 263, 401, 916, 1020, 896, 45, 208, 532]",16,[]
339,"[7, 291, 964, 331, 146, 373, 187, 865, 521, 308, 54, 445, 33, 739, 804, 782]",16,[]
340,"[5, 897, 166, 230, 683, 430, 632, 832, 263, 401, 916, 1020, 896, 45, 208, 532, 535, 865, 177, 883, 979, 1023, 526, 559, 19, 723, 218, 227, 397, 145, 917, 885]",32,[]
341,"[7, 291, 964, 331, 146, 373, 187, 521, 308, 54, 445, 33, 739, 804, 782, 144, 740, 465, 755, 695, 314, 260, 693, 759, 1016, 764, 384, 999, 972, 558, 117, 620]",32,[]
342,"[5, 897, 166, 230, 683, 430, 632, 832]",8,[]
343,"[5, 897, 166, 230, 683, 430, 632, 832, 263, 401, 916, 1020, 896, 45, 208, 532, 535, 865, 177, 883, 979, 1023, 526, 559, 19, 723, 218, 227, 397, 145, 917, 885, 854, 983, 184, 37, 614, 274, 949, 567, 391, 820, 756, 827, 738, 985, 282, 581, 201, 815, 727, 926, 225, 426, 878, 178, 959, 164, 197, 819, 856, 637, 706]",63,[]
344,"[7, 291, 964, 331, 146, 373, 187, 521, 308, 54, 445, 33, 739, 804, 782, 144, 740, 465, 755, 695, 314, 260, 693, 759, 1016, 764, 384, 999, 972, 558, 117, 620, 941, 433, 349, 407, 20, 855, 29, 133, 1003, 754, 818, 275, 641, 485, 141, 496]",48,[]
345,"[9, 771, 971, 205, 599, 701, 703, 899, 630, 137, 982, 573, 406, 712, 886, 922, 963, 966, 646, 311, 348, 769, 837, 1002, 78, 851, 298, 1007, 1008, 915, 486, 169, 77, 313, 191, 289, 930, 612, 870, 730, 256, 1000, 1004, 904, 154, 358, 50, 259]",48,[]
346,"[7, 291, 964, 331, 146, 373, 187, 521, 308, 54, 445, 33, 739, 804, 782, 144, 740, 465, 755, 695, 314, 260, 693, 759, 1016, 764, 384, 999, 972, 558, 117, 620, 941, 433, 349, 407, 20, 855, 29, 133, 1003, 754, 818, 275, 641, 485, 141, 496]",48,[]
347,"[9, 771, 971, 205, 599, 701, 703, 899, 630, 137, 982, 573, 406, 712, 886, 922, 963, 966, 646, 311, 348, 769, 837, 1002, 78, 851, 298, 1007, 1008, 915, 486, 169, 77, 313, 191, 289, 930, 612, 870, 730, 256, 1000, 1004, 904, 154, 358, 50, 259]",48,[]
348,[],0,[]
349,"[7, 291]",1,[]
350,"[11, 810]",2,[]
351,"[7, 291]",2,[]
352,"[11, 810]",1,[]
353,"[7, 291]",1,[]
354,"[7, 291]",1,[]
355,"[13, 551, 332, 845, 500, 696, 412, 578, 388, 997, 469, 759, 485, 262, 458, 85, 797, 644, 103, 176, 56, 261, 648, 685, 434, 606, 394, 785, 62, 544, 294, 462, 239, 81, 448, 516, 792, 680, 746, 431, 382, 670, 41]",43,[]
356,"[13, 551, 332, 845, 500, 696, 412, 578, 388, 997, 469, 759, 485, 262, 458, 85, 797, 644, 103, 176, 56, 261, 648, 685, 434, 606, 394, 785, 62, 544, 294, 462, 239, 81, 448, 516, 792, 680, 746, 431, 382, 670, 41]",43,[]
357,"[13, 551, 332, 845, 500, 696, 412, 578, 388, 997, 469, 759, 485, 262, 458, 85, 797, 644, 103, 176, 56, 261, 648, 685, 434, 606, 394, 785, 62, 544, 294, 462, 239, 81, 448, 516, 792, 680, 746, 431, 382, 670, 41]",43,[]
358,"[13, 551, 332, 845, 500, 696, 412, 578, 388, 997, 469, 759, 485, 262, 458, 85, 797, 644, 103, 176, 56, 261, 648, 685, 434, 606, 394, 785, 62, 544, 294, 462, 239, 81, 448, 516, 792, 680, 746, 431, 382, 670, 41]",43,[]
359,"[1, 902, 1001, 10, 20, 470, 852, 64, 812, 497, 661, 800, 130, 3, 548, 748, 689, 86, 520, 950, 188, 69, 521, 203, 367, 947, 608, 807, 948, 91, 28, 905]",32,[]
360,"[7, 291]",1,[]
361,"[1, 902, 1001, 10, 20, 470, 852, 64, 812, 497, 661, 800, 130, 3, 548, 748, 689, 86, 520, 950, 188, 69, 521, 203, 367, 947, 608, 807, 948, 91, 28, 905]",32,[]
362,"[1, 902, 1001, 10, 20, 470, 852, 64]",8,[]
363,[],0,[]
364,[],0,[]
365,[],0,[]
366,[],0,[]
367,[],0,[]
368,"[2, 34]",2,[]
369,"[5, 897]",2,[]
370,[],0,[]
371,[],0,[]
372,"[2, 34]",1,[]
373,"[5, 897]",1,[]
374,"[7, 291]",1,[]
375,"[8, 387, 817, 782]",4,[]
376,"[11, 810]",1,[]
377,"[11, 810]",1,[]
378,"[11, 810, 140, 624, 698, 219, 122, 73, 842, 883, 574, 354, 707, 336, 1012, 569, 648, 361, 667, 476, 702, 900]",22,[]
379,[],0,[]
380,"[0, 110, 943, 406, 23, 826, 60, 353, 263, 460, 495, 594, 165, 948, 312, 25, 831, 971, 688, 530, 281, 94, 419, 427, 365, 975, 657, 196, 392, 203, 944, 694]",32,[]
381,"[13, 551, 332, 845, 500, 696, 412, 578, 388, 997, 469, 759, 485, 262, 458, 85, 797, 644, 103, 176, 56, 261, 685, 434, 606, 394, 78, 785, 922, 62, 544, 294]",32,[]
382,"[0, 110, 943, 406, 23, 826, 60, 353, 263, 460, 495, 594, 165, 948, 312, 25, 831, 971, 688, 530, 281, 94, 419, 427, 365, 975, 657, 196, 392, 203, 944, 694, 608, 4, 487, 369, 924, 960, 481, 452, 961, 159, 391, 820, 756, 827, 582, 329, 12, 1005, 987, 930, 468, 279, 27, 991, 417, 770, 871, 77, 637, 963, 936, 429]",64,[]
383,"[13, 551, 332, 845, 500, 696, 412, 578, 388, 997, 469, 759, 485, 262, 458, 85, 797, 644, 103, 176, 56, 261, 685, 434, 606, 394, 78, 785, 922, 62, 544, 294, 462, 239, 81, 448, 516, 426, 792, 191, 680, 746, 431, 382, 670, 41, 464, 113, 983, 607, 315, 38, 441, 347, 988, 681, 875, 146, 277, 747, 946, 501, 54, 733]",64,[]
384,"[0, 110, 943, 406, 23, 826, 60, 353, 263, 460, 495, 594, 165, 948, 312, 25, 831, 971, 688, 530, 281, 94, 419, 427, 365, 975, 657, 196, 392, 203, 944, 694, 608, 4, 487, 369, 924, 960, 481, 452, 961, 159, 391, 820, 756, 827, 582, 329, 12, 1005, 987, 930, 468, 279, 27, 991, 417, 770, 871, 77, 637, 963, 936, 429]",64,[]
385,"[13, 551, 332, 845, 500, 696, 412, 578, 388, 997, 469, 759, 485, 262, 458, 85, 797, 644, 103, 176, 56, 261, 685]",23,[]
386,"[16, 289]",2,[]
387,"[19, 708, 683, 494, 121, 925, 382, 553, 172, 717, 80, 506, 526, 559, 723, 218]",16,[]
388,"[24, 133, 397, 465, 372, 986, 671, 736, 490, 302, 308, 733, 576, 839, 583, 430]",16,[]
389,"[19, 708, 683, 494, 121, 925, 382, 553, 172, 717, 80, 506, 526, 559, 723, 218]",16,[]
390,"[0, 110, 943, 406, 23, 826, 60, 353]",8,[]
391,"[6, 162, 774, 749, 975, 311, 445, 808]",8,[]
392,"[0, 110]",2,[]
393,"[4, 109, 341, 662, 191, 60, 223, 704]",8,[]
394,"[4, 109, 341, 662]",4,[]
395,"[6, 162, 774, 749]",4,[]
396,"[4, 109, 341, 662]",4,[]
397,"[6, 162]",2,[]
398,"[4, 109]",2,[]
399,"[6, 162]",2,[]
400,"[0, 110, 943, 406, 23, 826, 60, 353]",8,[]
401,"[6, 162, 774, 749]",4,[]
402,"[0, 110]",2,[]
403,"[0, 110, 943, 406, 23, 826, 60, 353]",8,[]
404,"[0, 110, 943, 406, 23, 826, 60, 353, 263, 460, 495, 594, 165, 948, 312, 25, 831, 971, 688, 530, 281, 94, 419, 427, 365, 975, 657, 196, 392, 203, 944, 694]",32,[]
405,"[13, 551, 332, 845, 500, 696, 412, 578, 388, 997, 469, 759, 485, 262, 458, 85, 797, 644, 103, 176, 56, 261, 685, 434, 606, 394, 78, 785, 922, 62, 544, 294]",32,[]
406,"[0, 110, 943, 406, 23, 826, 60, 353]",8,[]
407,"[6, 162, 774, 749, 975, 311, 445, 808, 107, 1004, 499, 127, 965, 968, 938, 878, 879, 781, 207, 625, 372, 825, 716, 184, 382, 863, 204, 205, 335, 245, 921, 948]",32,[]
408,"[12, 391, 489, 267, 460, 688, 151, 835]",8,[]
409,"[6, 162]",2,[]
410,"[6, 162]",2,[]
411,"[6, 162, 774, 749]",4,[]
412,"[6, 162]",1,[]
413,"[5, 897, 166, 230, 683, 430, 632, 832]",8,[]
414,"[5, 897, 166, 230, 683, 430, 632, 832, 263, 401, 916, 1020, 896, 45, 208, 532, 535, 865, 177, 883, 979, 1023, 526, 559, 19, 723, 218, 227, 397, 145, 917, 885]",32,[]
415,"[5, 897, 166, 230, 683, 430, 632, 832]",8,[]
416,"[9, 771, 971, 205, 599, 701, 703, 899]",8,[]
417,"[9, 771, 971, 205, 599, 701, 703, 899]",8,[]
418,"[11, 810]",1,[]
419,"[11, 810, 140, 624, 698, 219, 122, 712, 73, 842, 883, 574, 354, 707, 336, 1012]",16,[]
420,"[11, 810, 140, 624, 698, 219, 122, 712, 73, 842, 883, 574, 354, 707, 336, 1012, 569, 648, 361, 667, 476, 702, 900, 70, 269, 493, 917, 963, 426, 21, 471, 505, 609, 841, 659, 603, 98, 646, 966, 111, 611, 612, 218, 827, 234, 993, 302, 564, 663, 159, 929, 101, 394, 207, 664, 186, 126, 31, 961, 397, 431, 791, 223]",63,[]
421,[],0,[]
422,[],0,[]
423,"[12, 391]",2,[]
424,[],0,[]
425,[],0,[]
426,"[12, 391]",1,[]
427,"[13, 551, 332, 845, 500, 696, 412, 578]",8,[]
428,"[14, 481, 836, 385, 44, 494, 274, 531, 661, 477, 483, 341, 985, 1017, 1013, 100]",16,[]
429,"[13, 551, 332, 845, 500, 696, 412, 578, 388, 997, 469, 759, 485, 262, 458, 85]",16,[]
430,"[14, 481, 836, 385, 44, 494, 274, 531, 661, 477, 483, 341, 985, 1017, 1013, 100]",16,[]
431,"[13, 551, 332, 845, 500, 696, 412, 578, 388, 997, 469, 759, 485, 262, 458, 85, 797, 644, 103, 176, 56, 261, 685, 434, 606, 78, 785, 922, 62, 544, 294, 462, 239, 81, 448, 516, 792, 191, 680, 746, 382, 670, 41, 464, 113, 983, 607, 315, 38, 441, 347, 988, 681, 875, 146, 277, 747, 946, 501, 54, 733, 129, 478, 989]",64,[]
432,"[1, 902]",2,[]
433,[],0,[]
434,"[3, 931, 1001, 112, 822, 504, 857, 829, 751, 466, 477, 479, 130, 548, 748, 689, 609, 627, 856, 409, 63, 807, 778, 519, 172, 255, 323, 392, 1004, 111, 956, 196, 646, 489, 970, 618, 198, 138, 538, 475, 770, 68, 326]",43,[]
435,"[1, 902, 1001, 10, 20, 470, 852, 64, 812, 497, 661, 800, 130, 3, 548, 748, 689, 86, 520, 950, 188, 69, 521, 203, 367, 947, 608, 807, 948, 91, 28, 905, 688, 405, 218, 893, 423, 328, 280, 729, 251, 418, 806, 876, 408, 197, 34, 873, 81, 85, 765, 481, 111, 1013, 665, 670, 403, 275, 58, 539, 159, 612, 783]",63,[]
436,"[11, 810]",2,[]
437,"[11, 810, 140, 624, 698, 219, 122, 712, 73, 842, 883, 574, 354, 707, 336, 1012, 569, 648, 361, 667, 476, 702, 900, 70, 269, 493, 917, 963, 426, 21, 471, 505, 609, 841, 659, 603, 98, 646, 966, 611, 827, 234, 993, 302, 564, 663, 929, 101, 394, 207, 664, 186, 126, 31, 961, 397, 431, 791, 223, 224, 616, 318, 97]",63,[]
438,"[11, 810, 140, 624, 698, 219, 122, 712, 73, 842, 883, 574, 354, 707, 336, 1012, 569, 648, 361, 667, 476, 702, 900, 70, 269, 493, 917, 963, 426, 21, 471, 505, 609, 841, 659, 603, 98, 646, 966, 611, 827, 234, 993, 302, 564, 663, 929, 101, 394, 207, 664, 186, 126, 31, 961, 397, 431, 791, 223, 224, 616, 318, 97]",63,[]
439,"[13, 551, 332, 845, 500, 696, 412, 578, 388, 997, 469, 759, 485, 262, 458, 797]",16,[]
440,"[16, 289]",1,[]
441,"[22, 681, 55, 879, 279, 124, 445, 690]",8,[]
442,"[26, 424, 233, 684, 211, 441, 285, 768, 725, 895, 142, 977, 537, 84, 330, 208, 850, 436, 216, 685, 334, 438, 727, 417, 962, 169, 679, 680, 1008, 371, 507, 141, 687, 123, 831, 801, 583, 524, 145, 957, 672, 299, 80, 886, 1016, 235, 465, 404, 596, 898, 296, 634, 514, 814, 600, 666, 970, 780, 754, 276, 250, 965, 180, 349]",64,[]
443,"[22, 681, 55, 879, 279, 124, 445, 690, 1011, 859, 449, 547, 83, 636, 998, 774, 1002, 175, 119, 118, 650, 495, 18, 522, 738, 550, 428, 956, 597, 695, 386, 490, 173, 148, 150, 976, 116, 474, 803, 536, 1022, 288, 74, 526, 212, 443, 194, 613, 172, 341, 286, 67, 325, 839, 904, 779, 455, 968, 71, 463, 249, 176, 102, 894]",64,[]
444,"[26, 424, 233, 684, 211, 441, 285, 768, 725, 895, 142, 977, 537, 84, 330, 208, 850, 436, 216, 685, 334, 438, 727, 417, 962, 169, 679, 680, 1008, 371, 507, 141, 687, 123, 831, 801, 583, 524, 145, 957, 672, 299, 80, 886, 1016, 235, 465, 404, 596, 898, 296, 634, 514, 814, 600, 666, 970, 780, 754, 276, 250, 965, 180, 349]",64,[]
445,"[9, 771, 971, 205, 599, 701, 703, 899, 630, 137, 982, 573, 949, 922, 311, 348, 769, 837, 1002, 78, 851, 298, 1007, 915, 1018, 486, 77, 313, 191, 930, 870, 730]",32,[]
446,"[22, 681, 55, 879, 279, 124, 445, 690, 1011, 859, 449, 547, 83, 636, 998, 774, 175, 119, 118, 650, 495, 18, 522, 738, 550, 428, 956, 597, 695, 386, 490, 173]",32,[]
447,"[9, 771, 971, 205, 599, 701, 703, 899, 630, 137, 982, 573, 949, 886, 922, 311, 348, 769, 837, 1002, 78, 851, 298, 1007, 1008, 915, 1018, 486, 169, 77, 313, 191]",32,[]
448,"[9, 771, 971, 205, 599, 701, 703, 899, 630, 137, 982, 573, 712, 949, 886, 922, 963, 966, 646, 311, 348, 769, 837, 1002, 78, 851, 298, 1007, 1008, 915, 1018, 486]",32,[]
449,"[11, 810, 140, 624, 698, 219, 122, 73]",8,[]
450,"[7, 291, 964, 331, 146, 373, 187, 865, 308, 54, 445, 33, 739, 804, 144, 740, 465, 755, 695, 314, 260, 693, 759, 1016, 764, 384, 999, 972, 558, 117, 620, 941]",32,[]
451,[],0,[]
452,"[0, 110, 943, 406, 23, 826, 60, 353, 263, 460, 495, 594, 165, 312, 25, 831, 971, 530, 281, 94, 419, 427, 365, 975, 657, 196, 392, 944, 694, 4, 487, 369]",32,[]
453,"[5, 897, 166, 230, 683, 430, 632, 832]",8,[]
454,"[0, 110, 943, 406]",4,[]
455,"[0, 110, 943, 406]",4,[]
456,"[0, 110, 943, 406]",4,[]
457,"[0, 110, 943, 406]",4,[]
458,"[0, 110, 943, 406]",4,[]
459,"[0, 110, 943, 406]",4,[]
460,"[0, 110, 943, 406]",4,[]
461,"[0, 110, 943, 406]",4,[]
462,"[0, 110, 943, 406]",4,[]
463,"[0, 110, 943, 406]",4,[]
464,"[0, 110, 943, 406]",4,[]
465,"[0, 110, 943, 406]",4,[]
466,"[4, 109, 341, 662]",4,[]
467,"[0, 110, 943, 406]",4,[]
468,"[4, 109, 341, 662]",4,[]
469,"[0, 110]",1,[]
470,"[4, 109, 341, 662, 191, 60, 223, 704, 994, 41, 371, 887, 547, 836, 646, 136, 529, 642, 67, 39, 365, 494, 578, 212, 532, 703, 487, 369, 924, 354, 374, 849]",32,[]
471,"[6, 162, 774, 749, 975, 311, 445, 808]",8,[]
472,[],0,[]
473,"[7, 291]",1,[]
474,"[13, 551]",1,[]
475,"[15, 294]",1,[]
476,"[16, 289, 355, 297]",4,[]
477,"[17, 611, 937, 944, 1009, 786, 115, 721, 628, 27, 325, 584, 80, 823, 283, 512, 229, 72, 826, 954, 173, 562, 595, 540, 767, 805, 616, 761, 764, 253, 76, 53]",32,[]
478,"[11, 810, 140, 624, 698, 219, 122, 712, 73, 842, 883]",11,[]
479,"[18, 33, 711, 778, 279, 668, 31, 675, 964, 457, 651]",11,[]
480,"[24, 133, 397, 465, 372, 986, 671, 736, 490, 302, 308]",11,[]
481,"[25, 65, 131, 903, 648, 524, 943, 452, 400, 498, 1015]",11,[]
482,"[26, 424]",1,[]
483,"[25, 65]",1,[]
484,[],0,[]
485,"[1, 902, 1001, 10, 20, 470, 852, 64, 812, 497, 661, 800, 130, 3, 548, 748, 689, 86, 520, 950, 188, 69, 521, 203, 367, 947, 608, 807, 948, 91, 28, 905]",32,[]
486,"[12, 391, 489]",3,[]
487,"[4, 109, 341]",3,[]
488,"[4, 109, 341, 662, 191, 60, 223, 704, 994, 41, 371, 887, 547, 836, 646, 136]",16,[]
489,"[4, 109]",1,[]
490,"[9, 771, 971, 205, 599, 701, 703, 899, 630, 137, 982, 573, 406, 949, 886, 922, 963, 966, 646, 348, 769, 837, 1002, 78, 851, 298, 1007, 1008, 915, 1018, 486, 169]",32,[]
491,"[12, 391, 489]",3,[]
492,"[12, 391, 489]",3,[]
493,[],0,[]
494,"[1, 902]",1,[]
495,"[3, 931, 1001, 112, 822, 504, 857, 829, 751, 466, 477, 479, 130, 548, 748, 689, 609, 627, 856, 409, 63, 807, 519, 172, 255, 323, 392, 1004, 111, 956, 196, 646, 489, 970, 618, 261, 198, 138, 538, 475, 770, 68, 326]",43,[]
496,"[2, 34]",1,[]
497,"[0, 110]",2,[]
498,"[2, 34]",1,[]
499,"[3, 931, 1001]",3,[]
500,[],0,[]
501,"[3, 931, 1001, 112, 822, 504, 857, 829, 751, 466, 477, 479, 130, 548, 748, 689, 609, 627, 856, 409, 63, 807, 519, 172, 255, 323, 392, 1004, 111, 956, 196, 646]",32,[]
502,"[3, 931]",2,[]
503,"[3, 931, 1001, 112, 822, 504, 857, 829, 751, 466, 477, 479, 130, 548, 748, 689, 609, 627, 856, 409, 63, 807, 778, 519, 172, 255, 323, 392, 1004, 111, 956, 196]",32,[]
504,"[3, 931, 1001, 112, 822, 504, 857, 829, 751, 466, 477, 479, 130, 548, 748, 689, 609, 627, 856, 409, 63, 807, 778, 519, 172, 255]",26,[]
505,"[6, 162, 774]",3,[]
506,"[6, 162, 774]",3,[]
507,"[8, 387]",1,[]
508,"[6, 162, 774]",3,[]
509,"[6, 162]",2,[]
510,"[6, 162]",2,[]
511,"[6, 162]",1,[]
512,"[8, 387, 817, 782, 145, 539, 671, 687, 976, 435, 122, 475, 643, 665, 890, 253, 830, 256, 964, 458, 422, 43, 725, 221, 800, 329, 754, 537, 352, 324, 327, 872]",32,[]
513,"[9, 771]",2,[]
514,"[1, 902, 1001, 10, 20, 470, 852, 64]",8,[]
515,"[9, 771]",2,[]
516,"[12, 391, 489, 267, 460, 688, 151, 835]",8,[]
517,"[8, 387]",2,[]
518,"[6, 162, 774, 749, 975, 311, 445, 808, 107, 1004, 499, 127, 965, 968, 938, 878, 879, 781, 207, 625, 372, 825, 716, 23, 184, 382, 863, 204, 205, 335, 245, 921, 948, 597, 22, 695, 746, 301, 631, 152, 607, 198, 840, 47, 345, 927, 600, 532, 630, 504, 538, 453, 934, 1018, 444, 638, 861, 973, 271, 561, 669, 609, 330, 428]",64,[]
519,"[11, 810, 140, 624, 698, 219, 122, 712, 73, 842, 883, 574, 354, 707, 336, 1012, 569, 648, 361, 667, 476, 702, 900, 70, 269, 493, 917, 963, 426, 21, 471, 505, 841, 659, 603, 98, 646, 966, 971, 111, 611, 612, 218, 827, 234, 993, 302, 564, 663, 159, 929, 101, 394, 664, 186, 126, 31, 961, 397, 431, 791, 223, 224, 616]",64,[]
520,"[6, 162, 774, 749, 975, 311, 445, 808, 107, 1004, 499, 127, 965, 968, 938, 878, 879, 781, 207, 625, 372, 825, 716, 23, 184, 382, 863, 204, 205, 335, 245, 921, 948, 597, 22, 695, 746, 301, 631, 152, 607, 198, 840, 47, 345, 927, 600, 532, 630, 504, 538, 453, 934, 1018, 444, 638, 861, 973, 271, 561, 669, 609, 330, 428]",64,[]
521,"[11, 810, 140, 624, 698, 219, 122, 712, 73, 842, 883, 574, 354, 707, 336, 1012, 569, 648, 361, 667, 476, 702, 900, 70, 269, 493, 917, 963, 426, 21, 471, 505, 841, 659, 603, 98, 646, 966, 971, 111, 611, 612, 218, 827, 234, 993, 302, 564, 663, 159, 929, 101, 394, 664, 186, 126, 31, 961, 397, 431, 791, 223, 224, 616]",64,[]
522,"[6, 162, 774, 749, 975, 311, 445, 808, 107, 1004, 499, 127, 965, 968, 938, 878, 879, 781, 207, 625, 372, 825, 716, 23, 184, 382, 863, 204, 205, 335, 245, 921]",32,[]
523,"[11, 810]",2,[]
524,"[14, 481, 836, 385, 44, 494, 274, 353]",8,[]
525,"[17, 611, 937, 944, 1009, 786, 115, 73, 721, 628, 405]",11,[]
526,"[18, 33, 711, 778]",4,[]
527,"[14, 481, 836, 385, 44, 494, 274, 353, 531, 661, 477, 126, 483, 341, 985, 1017, 1013, 100, 299, 338, 980, 252, 420, 677]",24,[]
528,"[11, 810, 140, 624, 698, 219, 122, 712, 842, 883, 574, 354, 707, 336, 1012, 569, 648, 361, 667, 476, 702, 900, 70, 269, 493, 917, 963, 426, 21, 471, 505, 609, 841, 659, 603, 98, 646, 966, 971, 111, 993, 302, 564, 663, 159, 929, 101, 394, 664, 186, 31, 961, 397, 431, 791, 223, 224, 616, 408, 318, 97, 579, 513, 764]",64,[]
529,"[8, 387, 817, 782, 145, 539, 671, 687]",8,[]
530,"[26, 424, 233, 684]",4,[]
531,"[29, 482]",2,[]
532,"[8, 387, 817, 782, 145, 539, 671, 687, 976, 435, 475, 643, 665, 890, 253, 830, 256, 964, 458, 422, 43, 725, 221, 800, 329, 754, 537, 352, 324, 327, 872, 24, 768, 259, 652, 951, 350, 194, 772, 906, 1011, 315, 901]",43,[]
533,"[26, 424, 233, 684]",4,[]
534,"[29, 482, 521, 305]",4,[]
535,"[30, 480, 834, 196]",4,[]
536,"[35, 544]",2,[]
537,"[39, 226]",2,[]
538,"[8, 387]",2,[]
539,"[33, 675, 964, 457, 651, 304, 18, 199]",8,[]
540,"[38, 548, 175, 469, 951, 699, 828, 194]",8,[]
541,"[8, 387, 817, 782, 145, 539, 671, 687]",8,[]
542,"[5, 897]",1,[]
543,"[26, 424, 233, 684, 211, 441, 285, 768, 725, 895, 142, 977, 948, 537, 84, 330, 208, 850, 436, 216, 685, 334, 438, 727]",24,[]
544,"[14, 481, 836, 385, 44, 494, 274, 353, 531, 661, 477, 126, 483, 341, 985, 1017]",16,[]
545,"[33, 675, 964, 457, 651, 304, 18, 199, 491, 595, 739, 804, 144, 450, 811, 418]",16,[]
546,"[14, 481, 836, 385, 44, 494, 274, 353, 531, 661, 477, 126, 483, 341, 985, 1017]",16,[]
547,[],0,[]
548,"[5, 897]",1,[]
549,"[8, 387]",1,[]
550,"[7, 291, 964, 331, 146, 373, 187, 865, 521, 308, 54, 33, 739, 804, 782, 144, 740, 465, 755, 695, 314, 260, 693, 759, 1016, 764, 384, 999, 972, 558, 117, 620]",32,[]
551,"[11, 810, 140, 624, 698, 219, 122, 712, 73, 842, 883]",11,[]
552,"[14, 481, 836, 385, 44, 494, 274, 353, 531, 661, 477, 126, 483]",13,[]
553,"[4, 109, 341, 662, 191, 60, 223, 704, 994, 41, 371]",11,[]
554,"[7, 291]",1,[]
555,"[8, 387, 817, 782, 145, 539, 671, 687, 976, 435, 475]",11,[]
556,"[13, 551, 332, 845, 500, 696, 412, 578, 388, 997, 469]",11,[]
557,"[6, 162, 774, 749, 975, 311, 445, 808, 107, 1004, 499, 127, 965, 968, 938, 878, 879, 781, 207, 625, 372, 825, 716, 23, 184, 382, 863, 204, 205, 335, 245, 921]",32,[]
558,"[6, 162]",2,[]
559,"[6, 162, 774, 749, 975]",5,[]
560,"[6, 162, 774, 749, 975, 311, 445, 808, 107, 1004, 499, 127, 965, 968, 938, 878, 879, 781, 207, 625, 372, 825, 716, 23, 184, 382, 863, 204, 205, 335, 245, 921]",32,[]
561,"[6, 162, 774, 749, 975, 311, 445, 808, 107, 1004, 499, 127, 965, 968, 938, 878, 879, 781, 207, 625, 372, 825, 716, 23, 184, 382, 863, 204, 205, 335, 245, 921]",32,[]
562,"[6, 162, 774, 749, 975, 311, 445, 808, 107, 1004, 499]",11,[]
563,[],0,[]
564,"[9, 771, 971]",3,[]
565,"[9, 771, 971]",3,[]
566,"[0, 110, 943, 406, 23, 826, 60, 263, 495, 594, 165, 948, 312, 25, 831, 971]",16,[]
567,"[0, 110, 943, 406, 23, 826, 60, 263, 495, 594, 165, 948, 312, 25, 831, 971, 530, 281, 94, 419, 427, 365, 657, 196, 392, 203, 944, 694, 608, 4, 487, 369, 924, 820, 756, 827, 930, 468, 279, 27, 991, 417, 770, 871, 77, 637, 963, 936, 429, 206, 132, 233, 251, 321, 492, 947, 950, 695, 65, 131, 903, 648, 524, 768]",64,[]
568,"[11, 810, 140, 624, 698, 219, 122, 712, 73, 842, 883, 574, 354, 707, 336, 1012, 569, 361, 667, 476, 702, 900, 70, 269, 493, 917, 426, 21, 471, 505, 609, 841, 659, 603, 98, 646, 966, 111, 611, 612, 218, 234, 993, 302, 564, 663, 159, 929, 101, 230, 394, 207, 664, 186, 31, 961, 397, 431, 791, 223, 224, 616, 408, 318]",64,[]
569,"[0, 110, 943, 406, 23, 826, 60, 263, 495, 594, 165, 948, 312, 25, 831, 971, 530, 281, 94, 419, 427, 365, 657, 196, 392, 203, 944, 694, 608, 4, 487, 369]",32,[]
570,"[8, 387, 817, 782, 145, 539, 671, 687]",8,[]
571,"[0, 110, 943, 406, 23, 826, 60, 263]",8,[]
572,"[8, 387, 817, 782, 145, 539, 671, 687, 976, 435, 122, 475, 643, 665, 890, 253, 830, 256, 964, 458, 422, 43, 430, 725, 221, 800, 289, 329, 754, 537, 352, 324]",32,[]
573,"[0, 110, 943, 406, 23, 826, 60, 263]",8,[]
574,"[0, 110, 943, 406, 23, 826, 60, 263, 460, 495, 594]",11,[]
575,"[1, 902, 1001, 10, 20, 470, 852, 64]",8,[]
576,"[1, 902, 1001, 10, 20, 470, 852, 64]",8,[]
577,"[2, 34, 715, 721, 277, 952, 1018, 266, 654, 497, 728]",11,[]
578,"[6, 162, 774, 749, 975, 311, 445, 808, 107, 1004, 499]",11,[]
579,[],0,[]
580,[],0,[]
581,"[5, 897, 166, 230, 683, 430, 632, 832, 401, 916]",10,[]
582,"[7, 291, 964, 331, 146, 373, 187, 865, 521, 308, 54, 33, 739, 804, 782, 144, 740, 465, 755, 695, 314, 260, 693, 759, 1016, 764, 384, 999, 972, 558, 117, 620]",32,[]
583,[],0,[]
584,"[5, 897, 166, 230, 683, 430, 632, 832, 401, 916]",10,[]
585,"[5, 897, 166, 230, 683, 430, 632, 832]",8,[]
586,"[7, 291, 964, 331, 146, 373, 187, 865, 521, 308, 54, 33, 739, 804, 782, 144, 740, 465, 755, 695, 314, 260, 693, 759]",24,[]
587,"[9, 771, 971, 205, 599, 701, 703, 899]",8,[]
588,"[11, 810]",1,[]
589,"[7, 291, 964, 331, 146, 373, 187, 865, 521, 308]",10,[]
590,"[8, 387]",1,[]
591,"[13, 551, 332, 845, 500, 696, 412, 578, 388, 997, 469, 759, 485, 262, 458, 85, 797, 644, 103, 176, 56, 261, 648, 685, 434, 606]",26,[]
592,"[7, 291, 964, 331, 146, 373, 187, 865, 521, 308, 54, 33, 739, 804, 782, 144, 740, 465, 755, 695, 314, 260, 693, 1016, 764, 384]",26,[]
593,"[0, 110]",1,[]
594,"[4, 109, 341, 662, 191, 60, 223, 704, 994, 41, 371, 887, 547, 646, 136, 529, 642, 67, 39, 365, 578, 748, 212, 532, 608, 487]",26,[]
595,"[4, 109, 341, 662, 191, 60, 223, 704, 994, 41, 371, 887, 547, 646, 136, 529, 642, 67, 39, 365, 578, 748, 212, 532, 608, 487, 369, 924, 354, 374, 849, 726]",32,[]
596,"[7, 291, 964, 331, 146, 373, 187, 865, 521, 308, 54, 33, 739, 804, 782, 144, 740, 465, 755, 695, 314, 260, 693, 759, 1016, 764]",26,[]
597,"[12, 391]",1,[]
598,"[4, 109, 341, 662, 191, 60, 223, 704, 994, 41, 371, 887, 547, 646, 136, 529, 642, 67, 39, 365, 578, 748, 212, 532, 608, 487, 369, 924, 354, 374, 849, 726]",32,[]
599,"[7, 291, 964, 331, 146, 373, 187, 865, 521, 308, 54, 33, 739, 804, 782, 144, 740, 465, 755, 695, 314, 260, 693, 759, 1016, 764]",26,[]
600,"[7, 291, 964, 331, 146, 373, 187, 865, 521, 308, 54, 33, 739, 804, 782, 144, 740, 465, 755, 695, 314, 260, 693, 759, 1016, 764]",26,[]
601,"[4, 109]",1,[]
602,[],0,[]
603,"[13, 551]",1,[]
604,"[15, 294, 234, 626, 530, 245, 170, 777, 363, 366, 180, 412, 262, 681, 73, 536, 190, 427, 300, 946, 953, 1023, 362, 238, 273, 658, 406, 515, 874]",29,[]
605,"[15, 294, 234, 626, 530, 245, 170, 777, 363, 366, 180]",11,[]
606,"[2, 34, 715]",3,[]
607,[],0,[]
608,"[2, 34, 715, 721, 277, 952, 1018, 266, 654, 497, 728, 633, 972, 592, 241, 856]",16,[]
609,"[2, 34, 715, 721, 277, 952, 1018, 266, 654, 497, 728, 633, 972, 592, 241, 856, 830, 611, 393, 653, 963, 90, 398, 114, 884, 759, 478, 215, 375, 761, 730, 906, 499, 88, 432, 339, 692, 951, 347, 168]",40,[]
610,"[6, 162, 774, 749, 975, 311, 445, 808, 107, 1004, 127]",11,[]
611,"[7, 291, 964, 331, 146, 373, 187, 865, 521, 308, 54, 33, 739, 804, 782, 144]",16,[]
612,"[11, 810, 140, 624, 698, 219, 122, 712, 73, 842, 883, 574, 354, 707, 336, 1012, 569, 648, 361, 667, 476, 702, 900, 70, 269, 493, 917, 426, 21, 471, 505, 609]",32,[]
613,"[2, 34]",1,[]
614,"[16, 289, 355, 297, 788, 53, 87, 868, 645, 390, 539, 577, 357, 582, 889, 795, 833, 198, 114, 378, 444, 866, 906, 562, 59, 798, 750, 752, 115, 344, 601, 484, 413, 881, 149, 733, 227, 303, 436, 633]",40,[]
615,"[11, 810, 140, 624]",4,[]
616,"[13, 551, 332, 845, 500, 696, 412, 578, 388, 997, 469, 759, 485, 262, 458, 85, 797, 644, 103, 176, 56, 261, 648, 685, 434, 606, 394, 78, 785, 922, 62, 544, 462, 239, 81, 448, 516, 426, 792]",39,[]
617,[],0,[]
618,"[11, 810, 140, 624, 698, 219, 122, 712, 73, 842, 883, 574, 354, 707, 336, 1012, 569, 361, 667, 476, 702, 900, 70, 269, 493, 917, 963, 21, 471, 505, 609, 841, 659, 603, 98, 646, 966, 111, 611, 612, 218, 827, 993, 302, 564, 663, 159, 929, 101, 207, 664, 186, 31, 961, 397, 431, 791, 223, 224, 616, 408, 318, 97, 579]",64,[]
619,"[16, 289]",2,[]
620,"[26, 424]",2,[]
621,"[30, 480, 834, 196]",4,[]
622,"[36, 928, 200, 151]",4,[]
623,"[39, 226, 662, 235]",4,[]
624,"[42, 288, 167, 488, 1007, 820, 799, 449]",8,[]
625,"[11, 810, 140, 624, 698, 219, 122, 712]",8,[]
626,"[17, 611, 937, 944, 1009, 786, 115, 73]",8,[]
627,"[24, 133, 397, 465, 372, 986, 671, 736, 490, 302, 733, 576, 354, 839, 583, 557]",16,[]
628,"[30, 480, 834, 196, 934, 154, 379, 256, 193, 773, 638, 383, 482, 121, 634, 254]",16,[]
629,"[42, 288, 167, 488, 1007, 820, 799, 449, 182, 570, 1021, 737, 70, 423, 202, 894]",16,[]
630,"[16, 289, 355, 297, 788, 53, 87, 868, 645, 390, 539, 577, 357, 582, 889, 795, 833, 198, 114, 378, 444, 866, 906, 562, 59, 798, 750, 752, 344, 601, 484, 413]",32,[]
631,"[11, 810, 140, 624, 698, 219, 122, 712, 842, 883, 574]",11,[]
632,"[24, 133]",1,[]
633,"[17, 611]",1,[]
634,"[24, 133, 397, 465, 372, 986, 671, 736, 490, 302, 733, 576, 354, 839, 583, 557, 142, 117, 456, 173, 246, 503, 837, 1000, 552, 984, 348, 352, 324, 327, 872, 579]",32,[]
635,"[14, 481]",2,[]
636,"[15, 294]",1,[]
637,"[15, 294]",1,[]
638,"[15, 294, 234, 626]",4,[]
639,"[17, 611, 937, 944, 1009, 786, 115, 73]",8,[]
640,"[26, 424, 233, 684, 211, 441, 285, 768, 725, 569, 31, 895, 977, 948, 537, 84, 330, 208, 850, 436, 216, 334, 438, 727, 126, 417, 962, 169, 893, 679, 680, 1008]",32,[]
641,"[30, 480, 834, 196, 934, 154, 379, 256, 193, 773, 638, 383, 482, 235, 121, 634, 254, 163, 811, 760, 857, 826, 830, 491, 499, 734, 213, 519, 360, 207, 630, 892]",32,[]
642,"[26, 424, 233, 684, 211, 441, 285, 768, 725, 569, 31, 895, 977, 948, 537, 84, 330, 208, 850, 436, 216, 334, 438, 727, 126, 417, 962, 169, 893, 679, 680, 1008]",32,[]
643,"[36, 928]",1,[]
644,"[26, 424]",1,[]
645,"[42, 288]",1,[]
646,"[43, 489]",1,[]
647,"[48, 295]",1,[]
648,"[50, 137]",1,[]
649,"[55, 449]",1,[]
650,"[63, 320]",1,[]
651,"[65, 80]",1,[]
652,"[67, 292]",1,[]
653,"[71, 672]",1,[]
654,"[75, 546]",1,[]
655,"[79, 368]",1,[]
656,"[84, 233]",1,[]
657,"[89, 900]",1,[]
658,"[92, 678]",1,[]
659,"[94, 727]",1,[]
660,"[95, 384]",1,[]
661,"[96, 815]",1,[]
662,"[14, 481]",1,[]
663,"[97, 99]",1,[]
664,"[9, 771, 971, 205, 599, 701, 703, 899, 982, 573, 406, 949, 886, 963, 966, 646, 769, 1002, 851, 298, 1007, 1008, 915, 1018, 486, 169, 77, 313, 191, 930, 612, 870, 730, 618, 569, 1019, 668, 992, 361, 432, 125, 688, 530, 281, 689, 633, 189, 446, 676, 325, 455, 474, 895, 165, 721, 476, 679, 666, 803, 947, 341, 869, 136, 377]",64,[]
665,"[6, 162, 774, 749, 975, 311, 445, 808, 107, 1004, 127, 965, 968, 938, 878, 879, 781, 625, 825, 716, 23, 184, 382, 863, 204, 335, 245, 921, 948, 597, 22, 695, 746, 301, 631, 152, 607, 840, 47, 345, 927, 600, 532, 504, 538, 861, 973, 271, 561, 669, 609, 330, 428, 983, 68, 844, 529, 891, 636, 135, 778, 974, 567, 225]",64,[]
666,"[7, 291, 964, 331, 146, 373, 187, 865, 521, 308, 54, 33, 739, 804, 782, 144, 740, 755, 314, 260, 693, 759, 1016, 764, 999, 972, 558, 620, 941, 433, 349, 843]",32,[]
667,"[9, 771, 971, 205, 599, 701, 703, 899, 982, 573, 406, 949, 886, 922, 963, 966, 646, 769, 1002, 78, 851, 298, 1007, 1008, 915, 1018, 486, 169, 77, 313, 191, 930, 612, 870, 730, 618, 569, 1019, 668, 992, 361, 432, 125, 688, 530, 281, 689, 633, 189, 446, 676, 325, 455, 474, 895, 550, 587, 653, 947, 696, 165, 721, 476, 679]",64,[]
668,"[6, 162, 774, 749, 975, 311, 445, 808, 107, 1004, 127, 965, 968, 938, 878, 879, 781, 625, 825, 716, 23, 184, 382, 863, 204, 335, 245, 921, 948, 597, 22, 695]",32,[]
669,"[7, 291, 964, 331, 146, 373, 187, 865, 521, 308, 54]",11,[]
670,"[9, 771, 971, 205, 599, 701, 703, 899, 137, 982, 573, 406, 949, 886, 922, 963, 966, 646, 769, 1002, 78, 851, 298, 1007, 1008, 915, 1018, 486, 169, 77, 313, 191, 930, 612, 870, 730, 358, 50, 259, 726, 92, 618, 569]",43,[]
671,"[13, 551]",1,[]
672,"[14, 481]",1,[]
673,"[6, 162]",1,[]
674,"[15, 294]",1,[]
675,"[17, 611, 937, 944, 1009, 786, 115, 73, 721, 628, 405, 27, 325, 584, 80, 823, 283, 512, 229, 72, 954, 595, 540, 767]",24,[]
676,"[9, 771, 971, 205, 599, 701, 703, 899, 137, 982, 573]",11,[]
677,"[11, 810, 140, 624, 698, 219, 122, 712]",8,[]
678,[],0,[]
679,[],0,[]
680,"[11, 810]",1,[]
681,"[18, 33, 711, 778, 279, 668, 31, 675, 457, 651, 304, 657, 761, 938, 402, 881, 822, 604, 118, 650, 495, 22, 522, 709, 247, 991, 293, 705, 740, 424, 717, 574]",32,[]
682,"[21, 586]",1,[]
683,"[25, 65]",1,[]
684,"[32, 261]",1,[]
685,"[34, 2]",1,[]
686,"[1, 902, 1001, 10, 20, 470, 852, 64, 812, 497, 661, 800, 130, 3, 548, 748]",16,[]
687,"[6, 162, 774, 749, 975, 311, 445, 808]",8,[]
688,"[6, 162]",1,[]
689,"[13, 551]",1,[]
690,"[14, 481]",1,[]
691,"[15, 294]",1,[]
692,"[17, 611]",1,[]
693,"[18, 33]",1,[]
694,"[22, 681]",1,[]
695,"[23, 0]",1,[]
696,"[26, 424]",1,[]
697,"[35, 544]",1,[]
698,"[36, 928, 200, 151]",4,[]
699,"[2, 34, 715, 721]",4,[]
700,"[11, 810, 140, 624, 698, 219, 122, 712]",8,[]
701,"[25, 65, 131, 903, 648, 524, 943, 80, 452, 400, 498, 1015, 384, 720, 882, 282]",16,[]
702,"[32, 261, 777]",3,[]
703,"[4, 109, 341, 662]",4,[]
704,[],0,[]
705,"[4, 109, 341, 662, 191, 60, 223, 704, 994, 41, 371, 887, 547, 836, 646, 136]",16,[]
706,"[6, 162, 774, 749, 975, 311, 445, 808, 107, 1004, 127, 965, 968, 938, 878, 879]",16,[]
707,"[4, 109, 341, 662, 191, 60, 223, 704, 994, 41, 371, 887, 547, 836, 646, 136]",16,[]
708,"[4, 109, 341]",3,[]
709,"[2, 34, 715, 721, 277, 952, 1018, 266]",8,[]
710,"[4, 109]",1,[]
711,"[2, 34, 715, 721]",4,[]
712,"[2, 34, 715, 721, 277, 952, 1018, 266, 654, 728, 633, 972, 592, 241, 856, 611]",16,[]
713,[],0,[]
714,"[2, 34]",1,[]
715,"[5, 897, 166]",3,[]
716,"[2, 34, 715]",3,[]
717,"[2, 34, 715]",3,[]
718,"[2, 34, 715]",3,[]
719,"[2, 34, 715]",3,[]
720,"[2, 34, 715]",3,[]
721,"[2, 34, 715]",3,[]
722,"[2, 34]",1,[]
723,"[5, 897, 166, 230]",4,[]
724,"[5, 897, 166, 230, 683, 430, 632, 832]",8,[]
725,"[5, 897, 166, 230, 683, 430, 632, 832, 263, 401, 916, 1020, 896, 45, 208, 532]",16,[]
726,"[6, 162]",1,[]
727,"[5, 897, 166]",3,[]
728,"[5, 897, 166, 230, 683, 430, 632, 832, 263, 401, 916, 1020, 896, 45, 208, 532]",16,[]
729,"[7, 291, 964, 331, 146, 373, 187, 865, 521, 308, 54, 445, 33, 739, 804, 782, 144, 740, 755, 695, 314, 260, 693, 759, 1016, 764, 384, 999, 972, 558, 620, 941]",32,[]
730,"[9, 771, 971, 205, 599, 701, 703, 899, 137, 982, 573, 406, 712, 949, 886, 922, 963, 966, 646, 311, 769, 1002, 78, 851, 298, 1007, 1008, 915, 1018, 486, 169, 77, 313, 191, 289, 930, 612, 870, 730, 358, 50, 259, 726, 92, 618, 569, 1019, 668, 992, 361, 432, 114, 125, 0, 688, 530, 281, 94, 98, 810, 111, 689, 633, 189]",64,[]
731,"[5, 897, 166, 230, 683, 430, 632, 832, 263, 401, 916, 1020, 896, 45, 208, 532, 535, 865, 177, 883, 979, 1023, 526, 559, 19, 723, 218, 227, 145, 917, 885, 854, 983, 184, 37, 614, 274, 567, 391, 110, 820, 756, 827, 738, 985, 282, 581, 201, 815, 727, 926, 225, 426, 878, 178, 959, 164, 197, 819, 856, 637, 706, 374, 591, 758, 928, 684, 414, 389, 1004, 729, 104, 969, 686, 954, 291, 678, 843, 318, 261, 941, 334, 306, 980, 155, 929, 101, 493, 394, 236, 940, 365, 467, 435, 264, 585, 49, 626, 448, 449]",100,[]
732,"[9, 771, 971, 205, 599, 701, 703, 899, 137, 982, 573, 406, 712, 949, 886, 922]",16,[]
733,"[11, 810, 140, 624, 698, 219, 122, 73, 842, 574, 707, 336, 1012, 569, 648, 361, 667, 476, 702, 900, 70, 269, 963, 21, 471, 505, 609, 387, 841, 659, 603, 611]",32,[]
734,"[9, 771, 971, 205, 599, 701, 703, 899, 137, 982, 573, 406, 712, 949, 886, 922, 966, 646, 311, 769, 1002, 78, 851, 298, 1007, 1008, 915, 1018, 486, 169, 77, 313, 191, 289, 930, 612, 870, 730, 358, 50, 259, 726, 92, 618, 1019, 668, 992, 432, 114, 125, 0, 688, 530, 281, 94, 98, 111, 689, 633, 189, 446, 676, 325, 455]",64,[]
735,"[5, 897, 166, 230, 683, 430, 632, 832, 263, 401, 916, 1020, 896, 45, 208, 532, 535, 865, 177, 883, 979, 1023, 526, 559, 19, 723, 218, 227, 145, 917, 885, 854, 983, 184, 37, 614, 274, 567, 391, 110, 820, 756, 827, 738, 985, 282, 581, 201, 815, 727, 926, 225, 426, 878, 178, 959, 164, 197, 819, 856, 637, 706, 374, 591, 758, 928, 684, 414, 389, 1004, 729, 104, 969, 686, 954, 291, 678, 843, 318, 261, 941, 334, 306, 980, 155, 929, 101, 810, 493, 394, 236, 940, 365, 467, 435, 264, 585, 49, 626, 448]",100,[]
736,"[9, 771, 971, 205, 599, 701, 703, 899, 137, 982, 573, 406, 712, 949, 886, 922]",16,[]
737,"[13, 551, 332, 845, 500, 696, 412, 578, 388, 997, 469, 759, 485, 262, 458, 85, 797, 644, 103, 176, 56, 648, 685, 434, 606, 78, 785, 62, 544, 294, 462, 239]",32,[]
738,"[16, 289, 355, 297, 788, 53, 87, 868, 645, 390, 539, 577, 357, 582, 889, 795, 833, 198, 114, 378, 444, 866, 906, 562, 59, 798, 750, 752, 115, 344, 601, 484, 413, 881, 149, 303, 436, 633, 860, 512, 134, 718, 51, 442, 791, 1017, 475, 8, 329, 754, 537, 920, 468, 664, 322, 710, 590, 962, 486, 460, 813, 528, 546, 514]",64,[]
739,"[5, 897, 166, 230, 683, 430, 632, 832, 263, 401, 916, 1020, 896, 45, 208, 532, 535, 865, 177, 883, 979, 1023, 526, 559, 19, 723, 218, 227, 145, 917, 885, 854, 983, 184, 37, 614, 274, 949, 567, 391, 110, 820, 756, 827, 738, 985, 282, 581, 201, 815, 727, 926, 225, 426, 191, 1019, 449, 908, 88, 96, 876, 183, 666, 708, 494, 925, 382, 919, 251, 94, 901, 73, 828, 593, 692, 955, 422, 43, 725, 221, 781, 466, 654, 698, 923, 674, 139, 450, 113, 437, 763, 220, 222, 415, 997, 689, 639, 965, 41, 714]",100,[]
740,"[7, 291, 964, 331, 146, 373]",6,[]
741,"[7, 291, 964, 331, 146, 373]",6,[]
742,"[5, 897, 166, 230, 683, 430]",6,[]
743,"[1, 902, 1001, 10, 20, 470]",6,[]
744,"[1, 902, 1001, 10, 20, 470, 852, 64, 812, 497, 661, 800, 130, 3, 548, 748, 689, 832, 86, 520, 950, 188, 69, 521, 203, 367, 947, 608, 807, 948, 91, 28]",32,[]
745,"[2, 34, 715, 721, 277, 952, 1018, 266]",8,[]
746,"[0, 110, 943, 406, 23, 826, 60, 353, 263, 460, 495, 594, 165, 312, 25, 831, 971, 688, 530, 281, 94, 419, 427, 365, 975, 657, 196, 392, 944]",29,[]
747,"[0, 110, 943, 406, 23, 826, 60, 353, 263, 460, 495, 594, 165, 312, 25, 831, 971, 688, 530, 281, 94, 419, 427, 365, 975, 657, 196, 392, 944, 694, 4, 487]",32,[]
748,"[5, 897, 166, 230, 683, 430, 632, 401, 916, 1020, 896, 45, 208, 532, 535, 865, 177, 883, 979, 1023, 526, 559, 19, 723, 218, 227, 397, 145, 917, 885, 854, 983]",32,[]
749,"[0, 110]",2,[]
750,"[0, 110, 943, 406, 23, 826, 60, 353, 263, 460, 495]",11,[]
751,"[7, 291, 964, 331]",4,[]
752,"[9, 771]",2,[]
753,"[9, 771]",2,[]
754,"[9, 771]",2,[]
755,"[9, 771]",2,[]
756,"[9, 771]",2,[]
757,"[9, 771, 971]",3,[]
758,"[9, 771, 971, 205]",4,[]
759,"[11, 810, 140, 624]",4,[]
760,"[9, 771, 971]",3,[]
761,"[9, 771, 971]",3,[]
762,"[9, 771, 971, 205, 599, 701, 703, 899, 630, 137, 982]",11,[]
763,"[11, 810, 140, 624, 698, 219, 122, 712, 73, 842, 574]",11,[]
764,[],0,[]
765,"[13, 551, 332, 845, 500, 696, 412, 578, 388, 997, 469, 759, 485, 262, 458, 85, 797, 644, 103]",19,[]
766,"[14, 481]",1,[]
767,[],0,[]
768,[],0,[]
769,"[14, 481, 836, 385, 44, 494, 274, 531, 477, 126, 483, 341, 985, 1017, 1013, 100, 299, 338]",18,[]
770,"[15, 294]",1,[]
771,"[14, 481, 836, 385, 44, 494, 274, 531, 477, 126, 483, 341, 985, 1017, 1013, 100, 299, 338, 980, 252, 420, 677, 392, 246, 176, 978, 662, 763, 356, 945, 566, 827]",32,[]
772,[],0,[]
773,"[13, 551]",2,[]
774,[],0,[]
775,"[13, 551]",1,[]
776,"[16, 289]",1,[]
777,"[17, 611]",1,[]
778,"[17, 611]",1,[]
779,"[18, 33]",1,[]
780,"[22, 681, 55, 879, 279, 124, 445, 234]",8,[]
781,"[26, 424, 233, 684, 211, 441, 285, 768]",8,[]
782,"[26, 424]",2,[]
783,"[14, 481]",2,[]
784,"[26, 424, 233, 684, 211, 441, 285, 768, 725, 569, 31, 895, 142]",13,[]
785,"[14, 481, 836, 385, 44, 494, 274, 531, 477, 126, 483, 341, 985, 1017, 1013, 100, 299, 338, 980, 252, 420, 677, 392, 246, 176, 978, 662, 763]",28,[]
786,"[14, 481, 836, 385, 44, 494, 274, 531]",8,[]
787,"[30, 480]",1,[]
788,"[30, 480, 834, 196, 934, 154, 379, 256, 193, 773, 638, 383, 482, 235, 121]",15,[]
789,"[32, 261]",1,[]
790,"[0, 110]",1,[]
791,"[0, 110, 943, 406, 23, 826, 60, 353]",8,[]
792,"[12, 391]",1,[]
793,[],0,[]
794,"[12, 391, 489, 267, 460, 688, 151, 835]",8,[]
795,"[14, 481]",1,[]
796,"[14, 481, 836, 385, 44, 494, 274, 531, 477, 126, 483, 341, 985]",13,[]
797,"[12, 391]",1,[]
798,"[12, 391, 489, 267, 460, 688, 151, 835, 550, 263, 265, 691, 675, 556, 43, 181, 857, 621, 368, 570, 123, 415, 582, 329, 1005, 987, 779, 214, 956, 36, 209, 200]",32,[]
799,"[5, 897, 166, 230, 683, 430, 632, 401, 916, 1020, 896]",11,[]
800,"[8, 387, 817, 782, 145, 539, 671, 687]",8,[]
801,"[8, 387, 817, 782, 145, 539, 671, 687, 976, 435, 122, 475, 643, 665, 890, 253]",16,[]
802,"[9, 771, 971, 205]",4,[]
803,"[8, 387, 817, 782, 145, 539, 671, 687]",8,[]
804,"[9, 771, 971, 205]",4,[]
805,"[8, 387]",2,[]
806,"[9, 771]",2,[]
807,"[9, 771, 971, 205]",4,[]
808,"[11, 810]",1,[]
809,"[9, 771, 971, 205, 599, 701, 703, 899]",8,[]
810,"[8, 387, 817, 782, 145, 539, 671, 687, 976, 435, 122, 475, 643, 665, 890, 253]",16,[]
811,"[9, 771, 971, 205, 599, 701, 703, 899, 630, 137, 982, 573, 712, 949, 886, 922]",16,[]
812,"[8, 387, 817, 782, 145, 539, 671, 687]",8,[]
813,"[14, 481, 836, 385, 44, 494, 274, 531, 477, 126, 483, 341, 985, 1017, 1013, 100, 299, 338, 980, 252, 420, 677, 392, 246, 176, 978, 19, 662, 763, 356, 945, 566]",32,[]
814,"[8, 387, 817, 782, 145, 539, 671, 687, 976, 435, 122, 475, 643, 665, 890, 253, 830, 256, 458, 422, 725, 221, 754, 537, 352, 324, 327, 872, 24, 768, 259, 652]",32,[]
815,"[2, 34, 715, 721]",4,[]
816,"[9, 771, 971, 205, 599, 701, 703, 899, 630, 137, 982, 573, 712, 949, 886, 922, 963, 966, 646, 311, 348, 769, 837, 1002, 78, 851, 298, 1007, 1008, 915, 1018, 486]",32,[]
817,"[8, 387, 817, 782, 145, 539, 671, 687]",8,[]
818,"[2, 34, 715, 721, 277, 952, 1018, 266]",8,[]
819,"[8, 387, 817, 782]",4,[]
820,"[2, 34]",2,[]
821,"[8, 387]",2,[]
822,"[9, 771, 971, 205, 599, 701, 703, 899, 630, 137, 982, 573, 712, 949, 886, 922, 963, 966, 646, 311, 348, 769, 837, 1002, 78, 851, 298, 1007, 1008, 915, 1018, 486, 169, 77, 313, 191, 930, 612, 870, 730, 256, 1000, 1004, 904, 154, 358, 50, 259, 726, 92, 618, 569, 1019, 668, 992, 361, 432, 114, 125, 98, 810, 111, 633, 189]",64,[]
823,"[8, 387, 817, 782, 145, 539, 671, 687, 976, 435, 122, 475, 643, 665, 890, 253, 830, 458, 422, 725, 221, 754, 537, 352, 324, 327, 872, 24, 768, 652, 951, 350, 194, 772, 906, 1011, 315, 901, 680, 979, 609, 841, 11, 659, 603, 390, 972, 375, 829, 576, 545, 425, 333, 635, 932, 143, 728, 48, 720, 186, 928, 160, 356, 840]",64,[]
824,"[2, 34, 715, 721, 277, 952, 1018, 266, 654, 633, 592]",11,[]
825,"[9, 771, 971, 205]",4,[]
826,"[14, 481]",2,[]
827,"[17, 611, 937, 944, 1009, 786, 115, 73, 628, 405, 27, 325, 584, 80, 823, 283, 512, 229, 72, 954, 173, 562, 595, 540, 767, 805, 616, 761, 764, 76, 53, 568]",32,[]
828,"[8, 387, 817, 782, 145, 539, 671, 687, 976, 435, 122, 475, 643]",13,[]
829,"[9, 771, 971, 205, 599, 701, 703, 899, 630, 137, 982, 573, 712, 949, 886, 922, 963, 966, 646, 311, 348, 769, 837, 1002, 78, 851, 298, 1007, 1008, 915, 486, 169]",32,[]
830,"[14, 481, 836, 385, 44, 494, 274, 531, 477, 126, 483, 341, 985, 1017, 1013, 100, 299, 338, 980, 252, 420, 677, 392, 246, 176, 978, 19, 662, 763, 356, 945, 566]",32,[]
831,"[21, 586, 597, 663]",4,[]
832,"[26, 424]",2,[]
833,"[9, 771, 971, 205, 599, 701, 703, 899, 630, 137, 982, 573, 712, 949, 886, 922, 963, 966, 646, 311, 348, 769, 837, 1002, 78, 851, 298, 1007, 1008, 915, 486, 169]",32,[]
834,"[14, 481, 836, 385]",4,[]
835,"[14, 481, 836, 385]",4,[]
836,"[17, 611]",1,[]
837,"[14, 481, 836, 385, 44, 494, 274, 531]",8,[]
838,"[21, 586, 597, 663, 219, 1022, 63, 801, 229, 212, 572, 129, 739, 775, 192, 842, 914, 314, 426, 11, 471, 505, 644]",23,[]
839,"[26, 424]",2,[]
840,"[17, 611]",1,[]
841,"[14, 481, 836, 385, 44, 494, 274, 531]",8,[]
842,"[14, 481, 836, 385, 44, 494, 274]",7,[]
843,"[26, 424, 233, 684]",4,[]
844,"[26, 424, 233, 684, 211]",5,[]
845,"[21, 586, 597, 663, 219, 1022, 63, 801]",8,[]
846,"[12, 391, 489, 267, 460, 688, 151, 835]",8,[]
847,"[21, 586, 597, 663, 219]",5,[]
848,"[12, 391, 489, 267, 460, 688, 151, 835]",8,[]
849,"[21, 586, 597, 663, 219, 1022, 63, 801]",8,[]
850,"[12, 391, 489, 267, 460, 688, 151, 835, 550, 263, 265, 691, 675, 556, 43, 181, 857, 621, 368, 570, 123, 415, 582, 329]",24,[]
851,"[21, 586]",2,[]
852,"[21, 586, 597]",3,[]
853,"[17, 611, 937, 944, 1009, 786, 115, 73, 628, 405, 27, 325, 584, 80, 823, 283, 512, 229, 72, 954, 173, 562, 595, 540, 767, 805, 616, 761, 764, 253, 76, 53]",32,[]
854,"[21, 586, 597, 663, 219, 1022, 63, 801]",8,[]
855,"[17, 611, 937, 944]",4,[]
856,"[21, 586, 597, 663, 219, 1022, 63, 801]",8,[]
857,"[26, 424, 233, 684, 211, 441, 285, 768, 725, 569, 31, 895, 142, 977, 537, 84, 330, 208, 850, 436, 216, 685, 334, 438, 727, 126, 417, 962, 469, 893, 679, 680]",32,[]
858,"[21, 586, 597, 663, 219, 1022, 63, 801, 229, 212, 572, 129, 739, 775, 192, 842, 209, 914, 314, 426, 11, 471, 505, 644, 793, 859, 606, 479, 320, 930, 742, 112]",32,[]
859,"[17, 611, 937, 944, 1009, 786, 115, 73, 628, 405, 27, 325, 584, 80, 823, 283, 512, 72, 954, 173, 562, 595, 540, 767, 805, 616, 761, 764, 253, 76, 53, 568]",32,[]
860,"[21, 586, 597, 663, 219, 1022, 63, 801, 229, 212, 572, 129, 739, 775, 192, 842, 209, 914, 314, 426, 11, 471, 505, 644, 793, 859, 606, 479, 320, 930, 742, 112, 531, 516, 461, 725, 152, 825, 128, 99, 887, 449, 304, 49, 191, 900, 488, 747, 501, 202, 262, 303, 726, 443, 365, 784, 119, 565, 194, 462, 381, 783, 509, 484]",64,[]
861,"[17, 611]",2,[]
862,"[26, 424, 233, 684]",4,[]
863,"[12, 391, 489, 267]",4,[]
864,"[12, 391, 489, 267]",4,[]
865,"[17, 611, 937, 944]",4,[]
866,"[21, 586, 597, 663, 219, 1022, 63, 801, 229]",9,[]
867,"[30, 480, 834, 196, 934, 154, 379, 256, 193]",9,[]
868,"[12, 391, 489, 267]",4,[]
869,"[17, 611, 937, 944, 1009, 786, 115, 73]",8,[]
870,[],0,[]
871,"[2, 34]",1,[]
872,"[8, 387, 817, 782, 145, 539, 671, 687, 976, 435, 122, 475, 643, 665, 890, 253, 830, 256, 458, 422, 43, 725, 221, 329, 754, 537, 352, 324, 327, 872, 24, 768, 259, 652, 951, 350, 194, 772, 906, 1011, 315, 901, 680, 979, 609, 841, 11, 659]",48,[]
873,"[12, 391, 489, 267, 460, 688, 151, 835, 550]",9,[]
874,"[21, 586, 597, 663, 219, 1022, 63, 801, 229]",9,[]
875,"[26, 424, 233, 684, 211, 441, 285, 569, 31]",9,[]
876,"[30, 480, 834, 196, 934, 154, 379, 193, 773, 638, 383, 482, 235, 121, 634, 254]",16,[]
877,"[12, 391, 489, 267, 460, 688, 151, 835, 550, 263, 265, 691, 675, 556, 181, 857]",16,[]
878,"[32, 261, 777, 395, 437, 825, 863, 865, 333, 500, 730, 829, 139, 366, 143, 918]",16,[]
879,[],0,[]
880,"[21, 586, 597, 663]",4,[]
881,"[12, 391, 489, 267, 460, 688, 151, 835, 550, 263, 265, 691, 675, 556, 181, 857, 621, 368, 570, 123, 415, 582, 1005, 987, 779, 214, 956, 36, 209, 200, 305, 862]",32,[]
882,"[1, 902, 1001, 10, 20, 470, 852, 64, 812, 497, 661]",11,[]
883,"[8, 387, 817, 782, 145, 539, 671, 687, 976, 435, 122, 475, 643]",13,[]
884,"[5, 897]",2,[]
885,"[5, 897, 166, 230]",4,[]
886,"[7, 291]",2,[]
887,"[5, 897]",2,[]
888,"[5, 897]",2,[]
889,"[5, 897]",2,[]
890,"[5, 897]",2,[]
891,"[5, 897]",2,[]
892,"[5, 897]",2,[]
893,"[5, 897, 166, 230]",4,[]
894,"[7, 291]",2,[]
895,"[7, 291]",2,[]
896,"[7, 291]",2,[]
897,"[12, 391]",2,[]
898,"[7, 291]",2,[]
899,"[0, 110, 943, 406, 23, 826, 60, 353, 263, 460, 495]",11,[]
900,"[1, 902, 1001, 10, 20, 470, 852, 64]",8,[]
901,"[0, 110, 943, 406, 23, 826, 60, 353, 263, 460, 495, 594, 165, 948, 312, 25, 831, 688, 530, 281, 94, 419, 427, 365, 975, 657, 196, 392, 203, 694, 608, 4, 487, 369, 924, 960, 452, 961, 159, 391, 820, 756, 827, 582, 329, 12, 1005, 987, 930, 468, 279, 27, 991, 417, 770, 871, 77, 637, 936, 429, 206, 531, 132, 233]",64,[]
902,"[7, 291, 964, 331, 146, 373, 187, 865, 521, 308, 54, 445, 33, 739, 804, 144, 740, 465, 755, 695, 314, 260, 693, 759, 1016, 764, 384, 999, 972, 558, 117, 620, 941, 433, 349, 678, 843, 318, 261, 407, 855, 29, 133, 1003, 754, 818, 275, 641, 485, 141, 496, 283, 6, 597, 22, 675, 457, 651, 304, 18, 784, 119, 565, 160]",64,[]
903,"[0, 110, 943, 406, 23, 826, 60, 353, 263, 460, 495, 594, 165, 948, 312, 25, 831, 688, 530, 281, 94, 419, 427, 365, 975, 657, 196, 392, 203, 694, 608, 4, 487, 369, 924, 960, 452, 961, 159, 391, 820, 756, 827, 582, 329, 12, 1005, 987, 930, 468, 279, 27, 991, 417, 770, 871, 77, 637, 936, 429, 206, 531, 132, 233]",64,[]
904,"[7, 291, 964, 331, 146, 373, 187, 865, 521, 308, 54, 445, 33, 739, 804, 144, 740, 465, 755, 695, 314, 260, 693, 759, 1016, 764, 384, 999, 972, 558, 117, 620, 941, 433, 349, 678, 843, 318, 261, 407, 855, 29, 133, 1003, 754, 818, 275, 641, 485, 141, 496, 283, 6, 597, 22, 675, 457, 651, 304, 18, 784, 119, 565, 160]",64,[]
905,"[0, 110, 943, 406, 23, 826, 60, 353, 263, 460, 495, 594, 165, 948, 312, 25, 831, 688, 530, 281, 94, 419, 427, 365, 975, 657, 196, 392, 203, 694, 608, 4, 487, 369, 924, 960, 452, 961, 159, 391, 820, 756, 827, 582, 329, 12, 1005, 987, 930, 468, 279, 27, 991, 417, 770, 871, 77, 637, 936, 429, 206, 531, 132, 233]",64,[]
906,"[7, 291, 964, 331, 146, 373, 187, 865, 521, 308, 54, 445, 33, 739, 804, 144, 740, 465, 755, 695, 314, 260, 693, 759, 1016, 764, 384, 999, 972, 558, 117, 620, 941, 433, 349, 678, 843, 318, 261, 407, 855, 29, 133, 1003, 754, 818, 275, 641, 485, 141, 496, 283, 6, 597, 22, 675, 457, 651, 304, 18, 784, 119, 565, 160]",64,[]
907,"[0, 110, 943, 406, 23, 826, 60, 353, 263, 460, 495, 594, 165, 948, 312, 25, 831, 688, 530, 281, 94, 419, 427, 365, 975, 657, 196, 392, 203, 694, 608, 4, 487, 369, 924, 960, 481, 452, 961, 159, 391, 820, 756, 827, 582, 329, 12, 1005, 987, 930, 468, 279, 27, 991, 417, 770, 871, 77, 637, 936, 429, 206, 531, 132]",64,[]
908,"[7, 291, 964, 331, 146, 373, 187, 865, 521, 308, 54, 445, 33, 739, 804, 144, 740, 465, 755, 695, 314, 260, 693, 759, 1016, 764, 384, 999, 972, 558, 117, 620, 941, 433, 349, 678, 843, 318, 261, 407, 855, 29, 133, 1003, 754, 818, 275, 641, 485, 141, 496, 283, 6, 597, 22, 675, 457, 651, 304, 18, 784, 119, 565, 160]",64,[]
909,"[0, 110, 943, 406, 23, 826, 60, 353, 263, 460, 495, 594, 165, 948, 312, 25, 831, 971, 688, 530, 281, 94, 419, 427, 365, 975, 657, 196, 392, 203, 694, 608, 4, 487, 369, 924, 960, 481, 452, 961, 159, 391, 820, 756, 827, 582, 329, 12, 1005, 987, 930, 468, 279, 27, 991, 417, 770, 871, 77, 637, 963, 936, 429, 206, 531, 132, 233, 251, 321, 492, 947, 950, 65, 131, 903, 648, 524, 768, 901, 148, 821, 712, 9, 949, 886, 922, 779, 214, 956, 362, 238, 15, 273, 658, 163, 969, 525, 431, 849, 727]",100,[]
910,"[7, 291, 964, 331, 146, 373, 187, 865, 521, 308, 54, 445, 33, 739, 804, 144]",16,[]
911,"[13, 551, 332, 845, 500, 696, 412, 578, 388, 997, 469, 759, 485, 262, 458, 85, 797, 644, 103, 176, 56, 261, 685, 434, 606, 394, 78, 785, 62, 544, 294, 462]",32,[]
912,"[0, 110]",1,[]
913,"[4, 109]",1,[]
914,"[5, 897]",1,[]
915,"[6, 162, 774, 749, 975, 311, 445, 808, 107, 1004, 499, 127, 965, 968, 938, 878, 879, 781, 207, 625, 372, 825, 716, 23, 184, 382, 863, 204, 205, 335, 245, 921]",32,[]
916,"[6, 162, 774, 749, 975, 311, 445, 808, 107, 1004, 499, 127, 965, 968, 938, 878, 879, 781, 207, 625, 372, 825, 716, 23, 184, 382, 863, 204, 205, 335, 245, 921]",32,[]
917,"[6, 162, 774, 749, 975, 311, 445, 808, 107, 1004, 499, 127, 965, 968, 938, 878, 879, 781, 207, 625, 372, 825, 716, 23, 184, 382, 863, 204, 205, 335, 245, 921]",32,[]
918,"[2, 34, 715, 721, 277, 952, 1018, 266, 654, 497, 728, 633, 972, 592, 241, 856, 830, 611, 393, 653, 963, 90, 398, 114, 884, 759, 478, 215, 375, 761, 730, 906]",32,[]
919,"[2, 34, 715, 721, 277, 952, 1018, 266, 654, 497, 728, 633, 972, 592, 241, 856]",16,[]
920,"[2, 34, 715, 721, 277, 952, 1018, 266]",8,[]
921,"[6, 162, 774, 749, 975, 311, 445, 808, 107, 1004, 499]",11,[]
922,"[7, 291, 964, 331, 146, 373, 187, 865]",8,[]
923,"[8, 387, 817, 782, 145, 539, 671, 687]",8,[]
924,"[4, 109, 341, 662, 191, 60, 223, 704, 994, 41, 371]",11,[]
925,"[1, 902, 1001, 10, 20, 470, 852, 64, 812, 497, 661, 800, 130, 3, 548, 748, 689, 832, 86, 520, 950, 188, 69, 521, 203, 367, 947, 608, 807, 948, 91, 28]",32,[]
926,"[7, 291, 964, 331, 146, 373, 187, 865, 308, 54, 33, 739, 804, 782, 144, 740, 465, 755, 695, 314, 260, 693, 759, 1016, 764, 384, 999, 972, 558, 117, 620, 941]",32,[]
927,"[9, 771, 971, 205]",4,[]
928,[],0,[]
929,"[1, 902, 1001, 10]",4,[]
930,"[6, 162, 774, 749, 975, 311, 445, 808, 107, 1004]",10,[]
931,"[6, 162]",1,[]
932,"[6, 162, 774, 749, 975, 311, 445, 808, 107, 1004, 499, 127, 965, 968, 938, 878, 879, 781, 207, 625, 372, 825, 716, 23, 184, 382, 863, 204, 335, 245, 921, 291]",32,[]
933,[],0,[]
934,"[4, 109, 341, 662, 191, 60, 223, 704, 994, 41, 371, 887, 547, 836, 646, 136, 529, 642, 67, 39, 365, 494, 578, 748, 212, 532, 703, 608, 487, 369, 924, 354, 374, 849, 726, 990, 909, 783, 912, 913, 256, 459, 268]",43,[]
935,"[4, 109, 341, 662, 191, 60, 223, 704, 994, 41]",10,[]
936,"[4, 109, 341, 662, 191, 60, 223, 704, 994, 41, 371, 887, 547]",13,[]
937,"[5, 897, 166, 230, 683, 430, 632, 832, 263, 401, 916, 1020, 896]",13,[]
938,"[0, 110, 943, 406, 23, 826, 60, 353, 263, 460, 495, 594, 165]",13,[]
939,"[0, 110, 943, 406, 23, 826, 60, 353, 263, 460, 495, 594, 165, 948, 312, 25, 831, 688, 530, 281, 94, 419, 427, 365, 975, 657, 196, 392, 203, 944, 694, 608]",32,[]
940,"[5, 897, 166, 230, 683, 430, 632, 832, 401, 916, 1020]",11,[]
941,"[7, 291, 964, 331]",4,[]
942,"[8, 387, 817, 782, 145, 539, 671, 687, 976, 435, 122]",11,[]
943,[],0,[]
944,"[0, 110, 943, 406, 23, 826, 60, 353]",8,[]
945,"[2, 34, 715, 721, 277, 952, 1018, 266, 654, 497, 728]",11,[]
946,"[5, 897, 166, 230, 683, 430, 632, 832]",8,[]
947,"[5, 897, 166, 230, 683, 430, 632, 832]",8,[]
948,[],0,[]
949,"[2, 34, 715, 721, 277, 952, 1018, 266, 654, 497, 728]",11,[]
950,"[6, 162]",1,[]
951,"[7, 291]",1,[]
952,"[6, 162]",1,[]
953,"[1, 902, 1001, 10, 20, 470, 852, 64, 812, 661, 800, 130, 3, 548, 748, 689]",16,[]
954,"[8, 387, 817, 782, 145, 539, 671, 687, 976, 435, 122, 475, 643, 665, 890, 253, 830, 256, 964, 458, 422, 43, 725, 221, 289, 329, 754, 537, 352, 324, 327, 872]",32,[]
955,"[1, 902, 1001, 10, 20, 470, 852, 64, 812, 661, 800, 130, 3, 548, 748, 689, 86, 520, 950, 188, 69, 521, 203, 367, 947, 608, 807, 948, 91, 28, 905, 688, 405, 218, 893, 423, 328, 280, 729, 251, 418, 806, 876, 408, 197, 481, 111, 1013, 670, 403, 275, 58, 159, 612, 783, 55, 600, 1019, 931, 112, 822, 504, 857, 194]",64,[]
956,"[8, 387, 817, 782, 145, 539, 671, 687, 976, 435, 122, 475, 643, 665, 890, 253, 830, 256, 964, 458, 422, 43, 725, 221, 289, 329, 754, 537, 352, 324, 327, 872, 24, 768, 259, 652, 951, 350, 772, 906, 1011, 315, 901, 680, 1008, 979, 609, 841, 11, 659, 603, 390, 972, 851, 375, 829, 576, 545, 425, 333, 635, 932, 143, 48, 1000, 720, 186, 928, 160, 356, 840, 786, 934, 910, 144, 480, 994, 455, 630, 989, 33, 739, 804, 421, 332, 920, 479, 642, 82, 51, 447, 489, 915, 631, 249, 801, 583, 424, 524, 957]",100,[]
957,"[1, 902, 1001, 10, 20, 470, 852, 64, 812, 497, 661]",11,[]
958,"[2, 34]",2,[]
959,"[2, 34]",2,[]
960,"[2, 34]",2,[]
961,"[2, 34]",2,[]
962,"[2, 34]",2,[]
963,"[2, 34]",2,[]
964,"[2, 34, 715, 721]",4,[]
965,[],0,[]
966,"[5, 897, 166, 230]",4,[]
967,[],0,[]
968,"[8, 387]",2,[]
969,"[9, 771, 971, 205, 599, 701, 703, 899, 630, 137, 982, 573, 712]",13,[]
970,"[1, 902, 1001, 10, 20, 470, 852, 64]",8,[]
971,"[1, 902, 1001, 10, 20, 470, 852, 64]",8,[]
972,"[8, 387]",2,[]
973,"[8, 387]",1,[]
974,"[8, 387]",1,[]
975,"[8, 387]",1,[]
976,"[0, 110]",1,[]
977,"[0, 110]",1,[]
978,"[0, 110]",1,[]
979,"[0, 110]",1,[]
980,"[0, 110]",1,[]
981,"[0, 110]",1,[]
982,"[0, 110]",1,[]
983,"[0, 110, 943, 406, 23, 826, 60, 353]",8,[]
984,"[1, 902]",2,[]
985,"[1, 902, 1001, 10, 20, 470]",6,[]
986,"[1, 902, 1001, 10, 20, 470]",6,[]
987,"[1, 902, 1001, 10, 20, 470]",6,[]
988,"[1, 902, 1001, 10, 20, 470]",6,[]
989,"[1, 902, 1001, 10, 20, 470, 852, 64, 812, 497, 661, 800]",12,[]
990,"[1, 902, 1001, 10, 20, 470, 852, 64, 812, 497, 661, 800]",12,[]
991,[],0,[]
992,[],0,[]
993,"[1, 902]",2,[]
994,"[1, 902]",2,[]
995,"[1, 902, 1001, 10, 20, 470, 852, 64, 812, 497, 661, 800, 130, 3, 548, 748, 689, 832, 86, 520, 950, 188, 69, 521, 203, 367, 947, 608, 807, 948, 91, 28, 905, 688, 405, 218, 893, 423, 328, 280, 729, 251, 418, 806, 876, 408, 197, 34, 873, 81, 85, 765, 481, 111, 1013, 665, 670, 403, 275, 58, 539, 159, 612, 783]",64,[]
996,"[5, 897, 166, 230, 683, 430, 632, 263, 401, 916, 1020, 896, 45, 208, 532, 535]",16,[]
997,"[1, 902, 1001, 10, 20, 470, 852, 64, 812, 497, 661, 800, 130, 3, 548, 748]",16,[]
998,"[2, 34, 715, 721, 277, 952, 1018, 266, 654, 728, 633, 972, 592, 241, 856, 830, 611, 393, 653, 963, 90, 398, 114, 884, 759, 478, 215, 375, 761, 730, 906, 44]",32,[]
999,"[1, 902]",1,[]
